symbol,company_name,effective_date
AMBUJACEM,Ambuja Cements Limited,2024-03-28
ASHOKLEY,Ashok Leyland Limited,2024-03-28
BAJAJ-AUTO,Bajaj Auto Limited,2024-03-28
BANKBARODA,Bank of Baroda,2024-03-28
BPCL,Bharat Petroleum Corporation Limited,2024-03-28
BSOFT,Birlasoft Limited,2024-03-28
CIPLA,Cipla Limited,2024-03-28
COFORGE,Coforge Limited,2024-03-28
DIVISLAB,Divi'S Laboratories Limited,2024-03-28
HINDALCO,Hindalco Industries Limited,2024-03-28
INDHOTEL,The Indian Hotels Company Limited,2024-03-28
JSWSTEEL,Jsw Steel Limited,2024-03-28
LICHSGFIN,Lic Housing Finance Limited,2024-03-28
LTIM,Ltimindtree Limited,2024-03-28
MOTHERSON,Samvardhana Motherson International Limited,2024-03-28
MRF,Mrf Limited,2024-03-28
NESTLEIND,Nestle India Limited,2024-03-28
NMDC,Nmdc Limited,2024-03-28
ONGC,Oil & Natural Gas Corporation Limited,2024-03-28
PETRONET,Petronet Lng Limited,2024-03-28
SBIN,State Bank of India,2024-03-28
TATACOMM,Tata Communications Limited,2024-03-28
TRENT,Trent Limited,2024-03-28
UNIONBANK,Union Bank of India,2024-03-28
VEDL,Vedanta Limited,2024-03-28
AAVAS,Aavas Financiers Limited,2025-01-31
ABDL,Allied Blenders and Distillers Limited,2025-01-31
ACMESOLAR,Acme Solar Holdings Limited,2025-01-31
AETHER,Aether Industries Limited,2025-01-31
AKUMS,Akums Drugs and Pharmaceuticals Limited,2025-01-31
ALIVUS,Alivus Life Sciences Limited,2025-01-31
ALOKINDS,Alok Industries Limited,2025-01-31
APTUS,Aptus Value Housing Finance India Limited,2025-01-31
ARVIND,Arvind Limited,2025-01-31
AZAD,Azad Engineering Limited,2025-01-31
BALRAMCHIN,Balrampur Chini Mills Limited,2025-01-31
BBOX,Black Box Limited,2025-01-31
BECTORFOOD,Mrs. Bectors Food Specialities Limited,2025-01-31
CANFINHOME,Can Fin Homes Limited,2025-01-31
CCL,CCL Products (India) Limited,2025-01-31
CEATLTD,CEAT Limited,2025-01-31
CHOICEIN,Choice International Limited,2025-01-31
CRAFTSMAN,Craftsman Automation Limited,2025-01-31
CREDITACC,CREDITACCESS GRAMEEN LIMITED,2025-01-31
CUB,City Union Bank Limited,2025-01-31
DATAPATTNS,Data Patterns (India) Limited,2025-01-31
EDELWEISS,Edelweiss Financial Services Limited,2025-01-31
ELECON,Elecon Engineering Company Limited,2025-01-31
ENGINERSIN,Engineers India Limited,2025-01-31
EUREKAFORB,Eureka Forbes Limited,2025-01-31
FINEORG,Fine Organic Industries Limited,2025-01-31
GANESHHOU,GANESH HOUSING LIMITED,2025-01-31
GENUSPOWER,Genus Power Infrastructures Limited,2025-01-31
GESHIP,The Great Eastern Shipping Company Limited,2025-01-31
GMDCLTD,Gujarat Mineral Development Corporation Limited,2025-01-31
GODREJAGRO,Godrej Agrovet Limited,2025-01-31
GPIL,Godawari Power And Ispat limited,2025-01-31
GRANULES,Granules India Limited,2025-01-31
GRAPHITE,Graphite India Limited,2025-01-31
GRINFRA,G R Infraprojects Limited,2025-01-31
GRWRHITECH,Garware Hi-Tech Films Limited,2025-01-31
HAPPSTMNDS,Happiest Minds Technologies Limited,2025-01-31
HGINFRA,H.G. Infra Engineering Limited,2025-01-31
IIFLCAPS,IIFL Capital Services Limited,2025-01-31
INDGN,Indegene Limited,2025-01-31
INDIACEM,The India Cements Limited,2025-01-31
INDIAMART,Indiamart Intermesh Limited,2025-01-31
INGERRAND,Ingersoll Rand (India) Limited,2025-01-31
INOXINDIA,INOX India Limited,2025-01-31
INTELLECT,Intellect Design Arena Limited,2025-01-31
ISGEC,Isgec Heavy Engineering Limited,2025-01-31
IWEL,Inox Wind Energy Limited,2025-01-31
J&KBANK,The Jammu & Kashmir Bank Limited,2025-01-31
JKTYRE,JK Tyre & Industries Limited,2025-01-31
JLHL,Jupiter Life Line Hospitals Limited,2025-01-31
JMFINANCIL,JM Financial Limited,2025-01-31
JPPOWER,Jaiprakash Power Ventures Limited,2025-01-31
JUBLINGREA,Jubilant Ingrevia Limited,2025-01-31
JYOTHYLAB,Jyothy Labs Limited,2025-01-31
KIRLPNU,Kirloskar Pneumatic Company Limited,2025-01-31
KPIGREEN,KPI Green Energy Limited,2025-01-31
KSB,Ksb Limited,2025-01-31
LATENTVIEW,Latent View Analytics Limited,2025-01-31
LEMONTREE,Lemon Tree Hotels Limited,2025-01-31
LTFOODS,LT Foods Limited,2025-01-31
MAHSCOOTER,Maharashtra Scooters Limited,2025-01-31
MARKSANS,Marksans Pharma Limited,2025-01-31
MEDPLUS,Medplus Health Services Limited,2025-01-31
METROPOLIS,Metropolis Healthcare Limited,2025-01-31
MGL,Mahanagar Gas Limited,2025-01-31
MINDACORP,Minda Corporation Limited,2025-01-31
MMTC,MMTC Limited,2025-01-31
NSLNISP,NMDC Steel Limited,2025-01-31
NUVOCO,Nuvoco Vistas Corporation Limited,2025-01-31
OLECTRA,Olectra Greentech Limited,2025-01-31
PRUDENT,Prudent Corporate Advisory Services Limited,2025-01-31
PVRINOX,PVR INOX Limited,2025-01-31
RAILTEL,Railtel Corporation Of India Limited,2025-01-31
RAYMOND,Raymond Limited,2025-01-31
RAYMONDLSL,Raymond Lifestyle Limited,2025-01-31
REDTAPE,Redtape Limited,2025-01-31
RELINFRA,Reliance Infrastructure Limited,2025-01-31
RHIM,RHI MAGNESITA INDIA LIMITED,2025-01-31
RITES,RITES Limited,2025-01-31
SAFARI,Safari Industries (India) Limited,2025-01-31
SAMMAANCAP,Sammaan Capital Limited,2025-01-31
SANOFI,Sanofi India Limited,2025-01-31
SANOFICONR,Sanofi Consumer Healthcare India Limited,2025-01-31
SAPPHIRE,Sapphire Foods India Limited,2025-01-31
SFL,Sheela Foam Limited,2025-01-31
SHAKTIPUMP,Shakti Pumps (India) Limited,2025-01-31
SPLPETRO,Supreme Petrochem Limited,2025-01-31
SWSOLAR,Sterling and Wilson Renewable Energy Limited,2025-01-31
SYRMA,Syrma SGS Technology Limited,2025-01-31
TEGA,Tega Industries Limited,2025-01-31
TIMETECHNO,Time Technoplast Limited,2025-01-31
TRIVENI,Triveni Engineering & Industries Limited,2025-01-31
TTKPRESTIG,TTK Prestige Limited,2025-01-31
USHAMART,Usha Martin Limited,2025-01-31
VIJAYA,Vijaya Diagnostic Centre Limited,2025-01-31
VOLTAMP,Voltamp Transformers Limited,2025-01-31
WABAG,VA Tech Wabag Limited,2025-01-31
WESTLIFE,WESTLIFE FOODWORLD LIMITED,2025-01-31
ZEEL,Zee Entertainment Enterprises Limited,2025-01-31
ZYDUSWELL,Zydus Wellness Limited,2025-01-31
AADHARHFC,Aadhar Housing Finance Limited,2025-02-28
AARTIIND,Aarti Industries Limited,2025-02-28
ACE,Action Construction Equipment Limited,2025-02-28
AFCONS,Afcons Infrastructure Limited,2025-02-28
AKZOINDIA,Akzo Nobel India Limited,2025-02-28
ANANDRATHI,Anand Rathi Wealth Limited,2025-02-28
APLLTD,Alembic Pharmaceuticals Limited,2025-02-28
ARE&M,Amara Raja Energy & Mobility Limited,2025-02-28
ASAHIINDIA,Asahi India Glass Limited,2025-02-28
ASTRAZEN,AstraZeneca Pharma India Limited,2025-02-28
ATUL,Atul Limited,2025-02-28
BATAINDIA,Bata India Limited,2025-02-28
BBTC,Bombay Burmah Trading Corporation Limited,2025-02-28
BEML,BEML Limited,2025-02-28
BIKAJI,Bikaji Foods International Limited,2025-02-28
BLS,BLS International Services Limited,2025-02-28
BLUEDART,Blue Dart Express Limited,2025-02-28
CAPLIPOINT,Caplin Point Laboratories Limited,2025-02-28
CASTROLIND,Castrol India Limited,2025-02-28
CELLO,Cello World Limited,2025-02-28
CENTURYPLY,Century Plyboards (India) Limited,2025-02-28
CGCL,Capri Global Capital Limited,2025-02-28
CHALET,Chalet Hotels Limited,2025-02-28
CHAMBLFERT,Chambal Fertilizers & Chemicals Limited,2025-02-28
CIEINDIA,CIE Automotive India Limited,2025-02-28
CLEAN,Clean Science and Technology Limited,2025-02-28
CYIENT,Cyient Limited,2025-02-28
DCMSHRIRAM,DCM Shriram Limited,2025-02-28
DEEPAKFERT,Deepak Fertilizers and Petrochemicals Corporation Limited,2025-02-28
DEVYANI,Devyani International Limited,2025-02-28
DOMS,DOMS Industries Limited,2025-02-28
ECLERX,eClerx Services Limited,2025-02-28
EIDPARRY,EID Parry India Limited,2025-02-28
ELGIEQUIP,Elgi Equipments Limited,2025-02-28
ERIS,Eris Lifesciences Limited,2025-02-28
FINCABLES,Finolex Cables Limited,2025-02-28
FINPIPE,Finolex Industries Limited,2025-02-28
GRAVITA,Gravita India Limited,2025-02-28
GRINDWELL,Grindwell Norton Limited,2025-02-28
GRSE,Garden Reach Shipbuilders & Engineers Limited,2025-02-28
GSPL,Gujarat State Petronet Limited,2025-02-28
HBLENGINE,HBL Engineering Limited,2025-02-28
HFCL,HFCL Limited,2025-02-28
IEX,Indian Energy Exchange Limited,2025-02-28
IFCI,IFCI Limited,2025-02-28
IIFL,IIFL Finance Limited,2025-02-28
IRCON,Ircon International Limited,2025-02-28
JAIBALAJI,Jai Balaji Industries Limited,2025-02-28
JBMA,JBM Auto Limited,2025-02-28
JINDALSAW,Jindal Saw Limited,2025-02-28
JSWHL,JSW Holdings Limited,2025-02-28
JUBLPHARMA,Jubilant Pharmova Limited,2025-02-28
JWL,Jupiter Wagons Limited,2025-02-28
KAJARIACER,Kajaria Ceramics Limited,2025-02-28
KANSAINER,Kansai Nerolac Paints Limited,2025-02-28
KIRLOSBROS,Kirloskar Brothers Limited,2025-02-28
KIRLOSENG,Kirloskar Oil Engines Limited,2025-02-28
KPIL,Kalpataru Projects International Limited,2025-02-28
LMW,LMW Limited,2025-02-28
MANAPPURAM,Manappuram Finance Limited,2025-02-28
NAVA,NAVA LIMITED,2025-02-28
NAVINFLUOR,Navin Fluorine International Limited,2025-02-28
NCC,NCC Limited,2025-02-28
NETWEB,Netweb Technologies India Limited,2025-02-28
NEULANDLAB,Neuland Laboratories Limited,2025-02-28
NIVABUPA,Niva Bupa Health Insurance Company Limited,2025-02-28
PCBL,PCBL Chemical Limited,2025-02-28
PRAJIND,Praj Industries Limited,2025-02-28
PTCIL,PTC Industries Limited,2025-02-28
RAINBOW,Rainbow Childrens Medicare Limited,2025-02-28
REDINGTON,Redington Limited,2025-02-28
RELAXO,Relaxo Footwears Limited,2025-02-28
RKFORGE,Ramkrishna Forgings Limited,2025-02-28
RPOWER,Reliance Power Limited,2025-02-28
RRKABEL,R R Kabel Limited,2025-02-28
SAILIFE,Sai Life Sciences Limited,2025-02-28
SARDAEN,Sarda Energy & Minerals Limited,2025-02-28
SCHNEIDER,Schneider Electric Infrastructure Limited,2025-02-28
SHYAMMETL,Shyam Metalics and Energy Limited,2025-02-28
SIGNATURE,Signatureglobal (India) Limited,2025-02-28
SKFINDIA,SKF India Limited,2025-02-28
SOBHA,Sobha Limited,2025-02-28
SONATSOFTW,Sonata Software Limited,2025-02-28
TARIL,Transformers And Rectifiers (India) Limited,2025-02-28
TBOTEK,TBO Tek Limited,2025-02-28
TECHNOE,Techno Electric & Engineering Company Limited,2025-02-28
TEJASNET,Tejas Networks Limited,2025-02-28
TITAGARH,TITAGARH RAIL SYSTEMS LIMITED,2025-02-28
TRIDENT,Trident Limited,2025-02-28
TTML,Tata Teleservices (Maharashtra) Limited,2025-02-28
TVSHLTD,TVS Holdings Limited,2025-02-28
UTIAMC,UTI Asset Management Company Limited,2025-02-28
VENTIVE,Ventive Hospitality Limited,2025-02-28
VGUARD,V-Guard Industries Limited,2025-02-28
VINATIORGA,Vinati Organics Limited,2025-02-28
VTL,Vardhman Textiles Limited,2025-02-28
WELCORP,Welspun Corp Limited,2025-02-28
WELSPUNLIV,Welspun Living Limited,2025-02-28
ZENSARTECH,Zensar Technologies Limited,2025-02-28
ZENTEC,Zen Technologies Limited,2025-02-28
3MINDIA,3M India Limited,2025-03-28
ABFRL,Aditya Birla Fashion and Retail Limited,2025-03-28
ABREL,Aditya Birla Real Estate Limited,2025-03-28
ABSLAMC,Aditya Birla Sun Life AMC Limited,2025-03-28
AEGISLOG,Aegis Logistics Limited,2025-03-28
AFFLE,Affle 3i Limited,2025-03-28
AIAENG,AIA Engineering Limited,2025-03-28
AIIL,Authum Investment & Infrastructure Limited,2025-03-28
AJANTPHARM,Ajanta Pharma Limited,2025-03-28
AMBER,Amber Enterprises India Limited,2025-03-28
ANANTRAJ,Anant Raj Limited,2025-03-28
ANGELONE,Angel One Limited,2025-03-28
APOLLOTYRE,Apollo Tyres Limited,2025-03-28
ASTERDM,Aster DM Healthcare Limited,2025-03-28
BANDHANBNK,Bandhan Bank Limited,2025-03-28
BASF,BASF India Limited,2025-03-28
BRIGADE,Brigade Enterprises Limited,2025-03-28
CAMS,Computer Age Management Services Limited,2025-03-28
CARBORUNIV,Carborundum Universal Limited,2025-03-28
CESC,CESC Limited,2025-03-28
CHOLAHLDNG,Cholamandalam Financial Holdings Limited,2025-03-28
CONCORDBIO,Concord Biotech Limited,2025-03-28
CROMPTON,Crompton Greaves Consumer Electricals Limited,2025-03-28
DALBHARAT,Dalmia Bharat Limited,2025-03-28
DEEPAKNTR,Deepak Nitrite Limited,2025-03-28
DELHIVERY,Delhivery Limited,2025-03-28
EIHOTEL,EIH Limited,2025-03-28
EMAMILTD,Emami Limited,2025-03-28
EMCURE,Emcure Pharmaceuticals Limited,2025-03-28
ENDURANCE,Endurance Technologies Limited,2025-03-28
EXIDEIND,Exide Industries Limited,2025-03-28
FIRSTCRY,Brainbees Solutions Limited,2025-03-28
FIVESTAR,Five-Star Business Finance Limited,2025-03-28
FSL,Firstsource Solutions Limited,2025-03-28
GILLETTE,Gillette India Limited,2025-03-28
GLAND,Gland Pharma Limited,2025-03-28
GODFRYPHLP,Godfrey Phillips India Limited,2025-03-28
GODIGIT,Go Digit General Insurance Limited,2025-03-28
GUJGASLTD,Gujarat Gas Limited,2025-03-28
HATSUN,Hatsun Agro Product Limited,2025-03-28
HINDCOPPER,Hindustan Copper Limited,2025-03-28
HSCL,Himadri Speciality Chemical Limited,2025-03-28
IGIL,International Gemmological Institute (India) Limited,2025-03-28
IGL,Indraprastha Gas Limited,2025-03-28
IKS,Inventurus Knowledge Solutions Limited,2025-03-28
INOXWIND,Inox Wind Limited,2025-03-28
IRB,IRB Infrastructure Developers Limited,2025-03-28
JBCHEPHARM,JB Chemicals & Pharmaceuticals Limited,2025-03-28
JKCEMENT,JK Cement Limited,2025-03-28
JYOTICNC,Jyoti CNC Automation Limited,2025-03-28
KEC,KEC International Limited,2025-03-28
KFINTECH,Kfin Technologies Limited,2025-03-28
KIMS,Krishna Institute of Medical Sciences Limited,2025-03-28
KIOCL,KIOCL Limited,2025-03-28
KPRMILL,K.P.R. Mill Limited,2025-03-28
LALPATHLAB,Dr. Lal Path Labs Ltd.,2025-03-28
LAURUSLABS,Laurus Labs Limited,2025-03-28
LTF,L&T Finance Limited,2025-03-28
M&MFIN,Mahindra & Mahindra Financial Services Limited,2025-03-28
MANYAVAR,Vedant Fashions Limited,2025-03-28
MEDANTA,Global Health Limited,2025-03-28
METROBRAND,Metro Brands Limited,2025-03-28
MRPL,Mangalore Refinery and Petrochemicals Limited,2025-03-28
MSUMI,Motherson Sumi Wiring India Limited,2025-03-28
NATCOPHARM,Natco Pharma Limited,2025-03-28
NBCC,NBCC (India) Limited,2025-03-28
NEWGEN,Newgen Software Technologies Limited,2025-03-28
NH,Narayana Hrudayalaya Ltd.,2025-03-28
NIACL,The New India Assurance Company Limited,2025-03-28
NLCINDIA,NLC India Limited,2025-03-28
NUVAMA,Nuvama Wealth Management Limited,2025-03-28
PEL,Piramal Enterprises Limited,2025-03-28
PFIZER,Pfizer Limited,2025-03-28
PGEL,PG Electroplast Limited,2025-03-28
PNBHOUSING,PNB Housing Finance Limited,2025-03-28
POLYMED,Poly Medicure Limited,2025-03-28
POONAWALLA,Poonawalla Fincorp Limited,2025-03-28
PPLPHARMA,Piramal Pharma Limited,2025-03-28
PSB,Punjab & Sind Bank,2025-03-28
RADICO,Radico Khaitan Limited,2025-03-28
RAMCOCEM,The Ramco Cements Limited,2025-03-28
RATNAMANI,Ratnamani Metals & Tubes Limited,2025-03-28
SAGILITY,SAGILITY LIMITED,2025-03-28
SONACOMS,Sona BLW Precision Forgings Limited,2025-03-28
STARHEALTH,Star Health and Allied Insurance Company Limited,2025-03-28
SUMICHEM,Sumitomo Chemical India Limited,2025-03-28
SUNDRMFAST,Sundram Fasteners Limited,2025-03-28
SUNTV,Sun TV Network Limited,2025-03-28
COHANCE,Cohance Lifesciences Limited,2025-03-28
SWANCORP,SWAN CORP LIMITED,2025-03-28
SYNGENE,Syngene International Limited,2025-03-28
TATACHEM,Tata Chemicals Limited,2025-03-28
TATAINVEST,Tata Investment Corporation Limited,2025-03-28
TATATECH,Tata Technologies Limited,2025-03-28
TIMKEN,Timken India Limited,2025-03-28
TRITURBINE,Triveni Turbine Limited,2025-03-28
WHIRLPOOL,Whirlpool of India Limited,2025-03-28
WOCKPHARMA,Wockhardt Limited,2025-03-28
ZFCVINDIA,ZF Commercial Vehicle Control Systems India Limited,2025-03-28
360ONE,360 ONE WAM LIMITED,2025-04-30
ABCAPITAL,Aditya Birla Capital Limited,2025-04-30
ACC,ACC Limited,2025-04-30
ALKEM,Alkem Laboratories Limited,2025-04-30
APARINDS,Apar Industries Limited,2025-04-30
APLAPOLLO,APL Apollo Tubes Limited,2025-04-30
ASTRAL,Astral Limited,2025-04-30
ATGL,Adani Total Gas Limited,2025-04-30
AUBANK,AU Small Finance Bank Limited,2025-04-30
AUROPHARMA,Aurobindo Pharma Limited,2025-04-30
AWL,AWL Agri Business Limited,2025-04-30
BALKRISIND,Balkrishna Industries Limited,2025-04-30
BANKINDIA,Bank of India,2025-04-30
BDL,Bharat Dynamics Limited,2025-04-30
BERGEPAINT,Berger Paints (I) Limited,2025-04-30
BHARATFORG,Bharat Forge Limited,2025-04-30
BHARTIHEXA,Bharti Hexacom Limited,2025-04-30
BHEL,Bharat Heavy Electricals Limited,2025-04-30
BIOCON,Biocon Limited,2025-04-30
BLUESTARCO,Blue Star Limited,2025-04-30
CENTRALBK,Central Bank of India,2025-04-30
COCHINSHIP,Cochin Shipyard Limited,2025-04-30
COLPAL,Colgate Palmolive (India) Limited,2025-04-30
CONCOR,Container Corporation of India Limited,2025-04-30
COROMANDEL,Coromandel International Limited,2025-04-30
CRISIL,CRISIL Limited,2025-04-30
ESCORTS,Escorts Kubota Limited,2025-04-30
FEDERALBNK,The Federal Bank  Limited,2025-04-30
FLUOROCHEM,Gujarat Fluorochemicals Limited,2025-04-30
FORTIS,Fortis Healthcare Limited,2025-04-30
GICRE,General Insurance Corporation of India,2025-04-30
GLAXO,GlaxoSmithKline Pharmaceuticals Limited,2025-04-30
GLENMARK,Glenmark Pharmaceuticals Limited,2025-04-30
GMRAIRPORT,GMR AIRPORTS LIMITED,2025-04-30
GODREJIND,Godrej Industries Limited,2025-04-30
GODREJPROP,Godrej Properties Limited,2025-04-30
GVT&D,GE Vernova T&D India Limited,2025-04-30
HEROMOTOCO,Hero MotoCorp Limited,2025-04-30
HONAUT,Honeywell Automation India Limited,2025-04-30
HUDCO,Housing & Urban Development Corporation Limited,2025-04-30
IDBI,IDBI Bank Limited,2025-04-30
IDEA,Vodafone Idea Limited,2025-04-30
IDFCFIRSTB,IDFC First Bank Limited,2025-04-30
INDIANB,Indian Bank,2025-04-30
INDUSINDBK,IndusInd Bank Limited,2025-04-30
IPCALAB,IPCA Laboratories Limited,2025-04-30
IRCTC,Indian Railway Catering And Tourism Corporation Limited,2025-04-30
IREDA,Indian Renewable Energy Development Agency Limited,2025-04-30
ITI,ITI Limited,2025-04-30
JSL,Jindal Stainless Limited,2025-04-30
JSWINFRA,JSW Infrastructure Limited,2025-04-30
JUBLFOOD,Jubilant Foodworks Limited,2025-04-30
KALYANKJIL,Kalyan Jewellers India Limited,2025-04-30
KAYNES,Kaynes Technology India Limited,2025-04-30
KEI,KEI Industries Limited,2025-04-30
KPITTECH,KPIT Technologies Limited,2025-04-30
LINDEINDIA,Linde India Limited,2025-04-30
LLOYDSME,Lloyds Metals And Energy Limited,2025-04-30
LTTS,L&T Technology Services Limited,2025-04-30
MAHABANK,Bank of Maharashtra,2025-04-30
MARICO,Marico Limited,2025-04-30
MFSL,Max Financial Services Limited,2025-04-30
MOTILALOFS,Motilal Oswal Financial Services Limited,2025-04-30
MPHASIS,MphasiS Limited,2025-04-30
MUTHOOTFIN,Muthoot Finance Limited,2025-04-30
NAM-INDIA,Nippon Life India Asset Management Limited,2025-04-30
NATIONALUM,National Aluminium Company Limited,2025-04-30
NHPC,NHPC Limited,2025-04-30
NYKAA,FSN E-Commerce Ventures Limited,2025-04-30
OBEROIRLTY,Oberoi Realty Limited,2025-04-30
OIL,Oil India Limited,2025-04-30
OLAELEC,Ola Electric Mobility Limited,2025-04-30
PAGEIND,Page Industries Limited,2025-04-30
PATANJALI,Patanjali Foods Limited,2025-04-30
PAYTM,One 97 Communications Limited,2025-04-30
PGHH,Procter & Gamble Hygiene and Health Care Limited,2025-04-30
PHOENIXLTD,The Phoenix Mills Limited,2025-04-30
PIIND,PI Industries Limited,2025-04-30
POWERINDIA,Hitachi Energy India Limited,2025-04-30
PREMIERENE,Premier Energies Limited,2025-04-30
PRESTIGE,Prestige Estates Projects Limited,2025-04-30
SAIL,Steel Authority of India Limited,2025-04-30
SBICARD,SBI Cards and Payment Services Limited,2025-04-30
SCHAEFFLER,Schaeffler India Limited,2025-04-30
SJVN,SJVN Limited,2025-04-30
SRF,SRF Limited,2025-04-30
SUPREMEIND,Supreme Industries Limited,2025-04-30
SUZLON,Suzlon Energy Limited,2025-04-30
TATAELXSI,Tata Elxsi Limited,2025-04-30
THERMAX,Thermax Limited,2025-04-30
TIINDIA,Tube Investments of India Limited,2025-04-30
TORNTPOWER,Torrent Power Limited,2025-04-30
UBL,United Breweries Limited,2025-04-30
UCOBANK,UCO Bank,2025-04-30
UNOMINDA,UNO Minda Limited,2025-04-30
UPL,UPL Limited,2025-04-30
VMM,Vishal Mega Mart Limited,2025-04-30
VOLTAS,Voltas Limited,2025-04-30
WAAREEENER,Waaree Energies Limited,2025-04-30
YESBANK,Yes Bank Limited,2025-04-30
ABB,ABB India Limited,2025-05-30
ADANIENSOL,Adani Energy Solutions Limited,2025-05-30
ADANIENT,Adani Enterprises Limited,2025-05-30
ADANIGREEN,Adani Green Energy Limited,2025-05-30
ADANIPORTS,Adani Ports and Special Economic Zone Limited,2025-05-30
ADANIPOWER,Adani Power Limited,2025-05-30
APOLLOHOSP,Apollo Hospitals Enterprise Limited,2025-05-30
ASIANPAINT,Asian Paints Limited,2025-05-30
AXISBANK,Axis Bank Limited,2025-05-30
BAJAJFINSV,Bajaj Finserv Limited,2025-05-30
BAJAJHFL,Bajaj Housing Finance Limited,2025-05-30
BAJAJHLDNG,Bajaj Holdings & Investment Limited,2025-05-30
BAJFINANCE,Bajaj Finance Limited,2025-05-30
BEL,Bharat Electronics Limited,2025-05-30
BHARTIARTL,Bharti Airtel Limited,2025-05-30
BOSCHLTD,Bosch Limited,2025-05-30
BRITANNIA,Britannia Industries Limited,2025-05-30
CANBK,Canara Bank,2025-05-30
CGPOWER,CG Power and Industrial Solutions Limited,2025-05-30
CHOLAFIN,Cholamandalam Investment and Finance Company Limited,2025-05-30
COALINDIA,Coal India Limited,2025-05-30
CUMMINSIND,Cummins India Limited,2025-05-30
DABUR,Dabur India Limited,2025-05-30
DIXON,Dixon Technologies (India) Limited,2025-05-30
DLF,DLF Limited,2025-05-30
DMART,Avenue Supermarts Limited,2025-05-30
DRREDDY,Dr. Reddy's Laboratories Limited,2025-05-30
EICHERMOT,Eicher Motors Limited,2025-05-30
GAIL,GAIL (India) Limited,2025-05-30
GODREJCP,Godrej Consumer Products Limited,2025-05-30
GRASIM,Grasim Industries Limited,2025-05-30
HAL,Hindustan Aeronautics Limited,2025-05-30
HAVELLS,Havells India Limited,2025-05-30
HCLTECH,HCL Technologies Limited,2025-05-30
HDFCAMC,HDFC Asset Management Company Limited,2025-05-30
HDFCBANK,HDFC Bank Limited,2025-05-30
HDFCLIFE,HDFC Life Insurance Company Limited,2025-05-30
HINDPETRO,Hindustan Petroleum Corporation Limited,2025-05-30
HINDUNILVR,Hindustan Unilever Limited,2025-05-30
HINDZINC,Hindustan Zinc Limited,2025-05-30
HYUNDAI,Hyundai Motor India Limited,2025-05-30
ICICIBANK,ICICI Bank Limited,2025-05-30
ICICIGI,ICICI Lombard General Insurance Company Limited,2025-05-30
ICICIPRULI,ICICI Prudential Life Insurance Company Limited,2025-05-30
INDIGO,InterGlobe Aviation Limited,2025-05-30
INDUSTOWER,Indus Towers Limited,2025-05-30
INFY,Infosys Limited,2025-05-30
IOB,Indian Overseas Bank,2025-05-30
IOC,Indian Oil Corporation Limited,2025-05-30
IRFC,Indian Railway Finance Corporation Limited,2025-05-30
ITC,ITC Limited,2025-05-30
JINDALSTEL,JINDAL STEEL LIMITED,2025-05-30
JIOFIN,Jio Financial Services Limited,2025-05-30
JSWENERGY,JSW Energy Limited,2025-05-30
KOTAKBANK,Kotak Mahindra Bank Limited,2025-05-30
LICI,Life Insurance Corporation Of India,2025-05-30
LODHA,Lodha Developers Limited,2025-05-30
LT,Larsen & Toubro Limited,2025-05-30
LUPIN,Lupin Limited,2025-05-30
M&M,Mahindra & Mahindra Limited,2025-05-30
MANKIND,Mankind Pharma Limited,2025-05-30
MARUTI,Maruti Suzuki India Limited,2025-05-30
MAXHEALTH,Max Healthcare Institute Limited,2025-05-30
MAZDOCK,Mazagon Dock Shipbuilders Limited,2025-05-30
NAUKRI,Info Edge (India) Limited,2025-05-30
NTPC,NTPC Limited,2025-05-30
NTPCGREEN,NTPC Green Energy Limited,2025-05-30
OFSS,Oracle Financial Services Software Limited,2025-05-30
PERSISTENT,Persistent Systems Limited,2025-05-30
PFC,Power Finance Corporation Limited,2025-05-30
PIDILITIND,Pidilite Industries Limited,2025-05-30
PNB,Punjab National Bank,2025-05-30
POLICYBZR,PB Fintech Limited,2025-05-30
POLYCAB,Polycab India Limited,2025-05-30
POWERGRID,Power Grid Corporation of India Limited,2025-05-30
RECLTD,REC Limited,2025-05-30
RELIANCE,Reliance Industries Limited,2025-05-30
RVNL,Rail Vikas Nigam Limited,2025-05-30
SBILIFE,SBI Life Insurance Company Limited,2025-05-30
SHREECEM,SHREE CEMENT LIMITED,2025-05-30
SHRIRAMFIN,Shriram Finance Limited,2025-05-30
SIEMENS,Siemens Limited,2025-05-30
SOLARINDS,Solar Industries India Limited,2025-05-30
SUNPHARMA,Sun Pharmaceutical Industries Limited,2025-05-30
SWIGGY,Swiggy Limited,2025-05-30
TATACONSUM,TATA CONSUMER PRODUCTS LIMITED,2025-05-30
TMPV,Tata Motors Passenger Vehicles Limited,2025-05-30
TATAPOWER,Tata Power Company Limited,2025-05-30
TATASTEEL,Tata Steel Limited,2025-05-30
TCS,Tata Consultancy Services Limited,2025-05-30
TECHM,Tech Mahindra Limited,2025-05-30
TITAN,Titan Company Limited,2025-05-30
TORNTPHARM,Torrent Pharmaceuticals Limited,2025-05-30
TVSMOTOR,TVS Motor Company Limited,2025-05-30
ULTRACEMCO,UltraTech Cement Limited,2025-05-30
UNITDSPR,United Spirits Limited,2025-05-30
VBL,Varun Beverages Limited,2025-05-30
WIPRO,Wipro Limited,2025-05-30
ETERNAL,ETERNAL LIMITED,2025-05-30
ZYDUSLIFE,Zydus Lifesciences Limited,2025-05-30
