severity,check,set,instrument_key,timeframe,count,detail
ERROR,GAP_DAILY,universe_daily,NSE_EQ|IN9175A01010,1d,11,"11 missing trading days (longest run 1): 2012-01-07, 2012-03-03, 2012-04-28, 2012-09-08, 2013-05-11 (+6 more)"
ERROR,GAP_DAILY,universe_daily,NSE_EQ|INE001B01026,1d,46,"46 missing trading days (longest run 22): 2003-03-22, 2003-10-25, 2003-11-15, 2004-04-17, 2004-05-24 (+41 more)"
ERROR,GAP_DAILY,universe_daily,NSE_EQ|INE002L01015,1d,12,"12 missing trading days (longest run 1): 2011-10-26, 2012-01-07, 2012-03-03, 2012-04-28, 2012-09-08 (+7 more)"
ERROR,GAP_DAILY,universe_daily,NSE_EQ|INE003A01024,1d,46,"46 missing trading days (longest run 22): 2003-03-22, 2003-10-25, 2003-11-15, 2004-04-17, 2004-05-24 (+41 more)"
ERROR,GAP_DAILY,universe_daily,NSE_EQ|INE005I01014,1d,14,"14 missing trading days (longest run 1): 2009-10-17, 2010-02-06, 2011-10-26, 2012-01-07, 2012-03-03 (+9 more)"
ERROR,GAP_DAILY,universe_daily,NSE_EQ|INE006I01046,1d,14,"14 missing trading days (longest run 1): 2009-10-17, 2010-02-06, 2011-10-26, 2012-01-07, 2012-03-03 (+9 more)"
ERROR,GAP_DAILY,universe_daily,NSE_EQ|INE006Z01016,1d,697,"697 missing trading days (longest run 106): 2018-03-09, 2018-03-12, 2018-03-15, 2018-03-16, 2018-04-02 (+692 more)"
ERROR,GAP_DAILY,universe_daily,NSE_EQ|INE007A01025,1d,46,"46 missing trading days (longest run 22): 2003-03-22, 2003-10-25, 2003-11-15, 2004-04-17, 2004-05-24 (+41 more)"
ERROR,GAP_DAILY,universe_daily,NSE_EQ|INE007B01023,1d,18,"18 missing trading days (longest run 1): 2005-11-26, 2006-04-29, 2006-06-25, 2006-10-21, 2009-10-17 (+13 more)"
ERROR,GAP_DAILY,universe_daily,NSE_EQ|INE008A01015,1d,46,"46 missing trading days (longest run 22): 2003-03-22, 2003-10-25, 2003-11-15, 2004-04-17, 2004-05-24 (+41 more)"
ERROR,GAP_DAILY,universe_daily,NSE_EQ|INE009A01021,1d,46,"46 missing trading days (longest run 22): 2003-03-22, 2003-10-25, 2003-11-15, 2004-04-17, 2004-05-24 (+41 more)"
ERROR,GAP_DAILY,indices_daily,NSE_INDEX|India VIX,1d,14,"14 missing trading days (longest run 8): 2009-12-07, 2009-12-08, 2009-12-09, 2009-12-10, 2009-12-11 (+9 more)"
ERROR,GAP_DAILY,indices_daily,NSE_INDEX|NIFTY AlphaLowVol,1d,7,"7 missing trading days (longest run 5): 2021-04-26, 2021-04-28, 2022-02-24, 2022-02-25, 2022-02-28 (+2 more)"
ERROR,GAP_DAILY,indices_daily,NSE_INDEX|NIFTY HEALTHCARE,1d,12,"12 missing trading days (longest run 5): 2022-02-24, 2022-02-25, 2022-02-28, 2022-03-02, 2022-03-03 (+7 more)"
ERROR,GAP_DAILY,indices_daily,NSE_INDEX|NIFTY IND DIGITAL,1d,12,"12 missing trading days (longest run 5): 2022-02-24, 2022-02-25, 2022-02-28, 2022-03-02, 2022-03-03 (+7 more)"
ERROR,GAP_DAILY,indices_daily,NSE_INDEX|NIFTY INDIA MFG,1d,12,"12 missing trading days (longest run 5): 2022-02-24, 2022-02-25, 2022-02-28, 2022-03-02, 2022-03-03 (+7 more)"
ERROR,GAP_DAILY,indices_daily,NSE_INDEX|NIFTY LARGEMID250,1d,639,"639 missing trading days (longest run 491): 2018-01-01, 2018-01-02, 2018-01-03, 2018-01-04, 2018-01-05 (+634 more)"
ERROR,GAP_DAILY,indices_daily,NSE_INDEX|NIFTY M150 QLTY50,1d,170,"170 missing trading days (longest run 160): 2022-02-24, 2022-02-25, 2022-02-28, 2022-03-02, 2022-03-03 (+165 more)"
ERROR,GAP_DAILY,indices_daily,NSE_INDEX|NIFTY100 ESG,1d,5,"5 missing trading days (longest run 5): 2022-09-29, 2022-09-30, 2022-10-03, 2022-10-04, 2022-10-06"
ERROR,GAP_DAILY,indices_daily,NSE_INDEX|NIFTY100 Qualty30,1d,134,"134 missing trading days (longest run 134): 2018-01-01, 2018-01-02, 2018-01-03, 2018-01-04, 2018-01-05 (+129 more)"
ERROR,GAP_DAILY,indices_daily,NSE_INDEX|NIFTY50 EQL Wgt,1d,1058,"1058 missing trading days (longest run 546): 2015-11-10, 2015-11-11, 2015-11-13, 2015-11-23, 2015-11-24 (+1053 more)"
ERROR,GAP_DAILY,indices_daily,NSE_INDEX|NIFTY500 MULTICAP,1d,12,"12 missing trading days (longest run 5): 2022-02-24, 2022-02-25, 2022-02-28, 2022-03-02, 2022-03-03 (+7 more)"
ERROR,INTRADAY_DAILY_MISMATCH,stocks_intraday,NSE_EQ|INE003A01024,5m,10,"10/269 full days differ from daily bar: 2026-01-09, 2026-02-06, 2026-02-20 (+7 more)"
ERROR,INTRADAY_DAILY_MISMATCH,stocks_intraday,NSE_EQ|INE003A01024,15m,10,"10/269 full days differ from daily bar: 2026-01-09, 2026-02-06, 2026-02-20 (+7 more)"
ERROR,INTRADAY_DAILY_MISMATCH,stocks_intraday,NSE_EQ|INE003A01024,60m,10,"10/269 full days differ from daily bar: 2026-01-09, 2026-02-06, 2026-02-20 (+7 more)"
ERROR,INTRADAY_DAILY_MISMATCH,stocks_intraday,NSE_EQ|INE006I01046,5m,22,"22/269 full days differ from daily bar: 2025-09-09, 2025-10-08, 2025-11-24 (+19 more)"
ERROR,INTRADAY_DAILY_MISMATCH,stocks_intraday,NSE_EQ|INE006I01046,15m,22,"22/269 full days differ from daily bar: 2025-09-09, 2025-10-08, 2025-11-24 (+19 more)"
ERROR,INTRADAY_DAILY_MISMATCH,stocks_intraday,NSE_EQ|INE006I01046,60m,22,"22/269 full days differ from daily bar: 2025-09-09, 2025-10-08, 2025-11-24 (+19 more)"
ERROR,INTRADAY_DAILY_MISMATCH,stocks_intraday,NSE_EQ|INE00H001014,5m,29,"29/269 full days differ from daily bar: 2025-09-19, 2025-11-10, 2025-12-10 (+26 more)"
ERROR,INTRADAY_DAILY_MISMATCH,stocks_intraday,NSE_EQ|INE00H001014,15m,29,"29/269 full days differ from daily bar: 2025-09-19, 2025-11-10, 2025-12-10 (+26 more)"
ERROR,INTRADAY_DAILY_MISMATCH,stocks_intraday,NSE_EQ|INE00H001014,60m,29,"29/269 full days differ from daily bar: 2025-09-19, 2025-11-10, 2025-12-10 (+26 more)"
ERROR,INTRADAY_DAILY_MISMATCH,stocks_intraday,NSE_EQ|INE00R701025,5m,33,"33/269 full days differ from daily bar: 2025-12-10, 2025-12-17, 2026-01-16 (+30 more)"
ERROR,INTRADAY_DAILY_MISMATCH,stocks_intraday,NSE_EQ|INE00R701025,15m,33,"33/269 full days differ from daily bar: 2025-12-10, 2025-12-17, 2026-01-16 (+30 more)"
ERROR,INTRADAY_DAILY_MISMATCH,stocks_intraday,NSE_EQ|INE00R701025,60m,33,"33/269 full days differ from daily bar: 2025-12-10, 2025-12-17, 2026-01-16 (+30 more)"
ERROR,INTRADAY_DAILY_MISMATCH,stocks_intraday,NSE_EQ|INE018E01016,5m,16,"16/269 full days differ from daily bar: 2025-09-10, 2025-09-24, 2025-10-03 (+13 more)"
ERROR,INTRADAY_DAILY_MISMATCH,stocks_intraday,NSE_EQ|INE018E01016,15m,16,"16/269 full days differ from daily bar: 2025-09-10, 2025-09-24, 2025-10-03 (+13 more)"
ERROR,INTRADAY_DAILY_MISMATCH,stocks_intraday,NSE_EQ|INE018E01016,60m,16,"16/269 full days differ from daily bar: 2025-09-10, 2025-09-24, 2025-10-03 (+13 more)"
ERROR,INTRADAY_DAILY_MISMATCH,stocks_intraday,NSE_EQ|INE019A01038,5m,10,"10/269 full days differ from daily bar: 2025-09-29, 2025-11-24, 2026-02-01 (+7 more)"
ERROR,INTRADAY_DAILY_MISMATCH,stocks_intraday,NSE_EQ|INE019A01038,15m,10,"10/269 full days differ from daily bar: 2025-09-29, 2025-11-24, 2026-02-01 (+7 more)"
ERROR,INTRADAY_DAILY_MISMATCH,stocks_intraday,NSE_EQ|INE019A01038,60m,10,"10/269 full days differ from daily bar: 2025-09-29, 2025-11-24, 2026-02-01 (+7 more)"
ERROR,INTRADAY_DAILY_MISMATCH,stocks_intraday,NSE_EQ|INE01EA01019,5m,12,"12/269 full days differ from daily bar: 2025-09-29, 2025-11-24, 2025-11-25 (+9 more)"
ERROR,INTRADAY_DAILY_MISMATCH,stocks_intraday,NSE_EQ|INE01EA01019,15m,12,"12/269 full days differ from daily bar: 2025-09-29, 2025-11-24, 2025-11-25 (+9 more)"
ERROR,INTRADAY_DAILY_MISMATCH,stocks_intraday,NSE_EQ|INE01EA01019,60m,12,"12/269 full days differ from daily bar: 2025-09-29, 2025-11-24, 2025-11-25 (+9 more)"
ERROR,INTRADAY_DAILY_MISMATCH,stocks_intraday,NSE_EQ|INE027H01010,5m,10,"10/269 full days differ from daily bar: 2025-09-29, 2025-10-28, 2025-11-03 (+7 more)"
ERROR,INTRADAY_DAILY_MISMATCH,stocks_intraday,NSE_EQ|INE027H01010,15m,10,"10/269 full days differ from daily bar: 2025-09-29, 2025-10-28, 2025-11-03 (+7 more)"
ERROR,INTRADAY_DAILY_MISMATCH,stocks_intraday,NSE_EQ|INE027H01010,60m,10,"10/269 full days differ from daily bar: 2025-09-29, 2025-10-28, 2025-11-03 (+7 more)"
ERROR,OHLC_INVALID,universe_daily,NSE_EQ|INE005I01014,1d,1,"1 invalid bars, first on 2013-04-08"
ERROR,OHLC_INVALID,indices_daily,NSE_INDEX|India VIX,1d,1,"1 invalid bars, first on 2013-08-22"
WARN,FLAT_BAR_RUN,universe_daily,NSE_EQ|IN9175A01010,1d,14,14 consecutive flat bars ending 2020-04-29
WARN,FLAT_BAR_RUN,universe_daily,NSE_EQ|INE001B01026,1d,7,7 consecutive flat bars ending 2003-04-25
WARN,FLAT_BAR_RUN,universe_daily,NSE_EQ|INE005I01014,1d,16,16 consecutive flat bars ending 2013-12-31
WARN,FLAT_BAR_RUN,universe_daily,NSE_EQ|INE006Z01016,1d,13,13 consecutive flat bars ending 2021-04-07
WARN,FLAT_BAR_RUN,universe_daily,NSE_EQ|INE007B01023,1d,6,6 consecutive flat bars ending 2008-01-28
WARN,FLAT_BAR_RUN,universe_daily,NSE_EQ|INE00CA01015,1d,18,18 consecutive flat bars ending 2023-09-15
WARN,GAP_DAILY,universe_daily,NSE_EQ|INE002S01010,1d,3,"3 missing trading days (longest run 1): 2016-10-30, 2017-10-19, 2018-11-07"
WARN,GAP_DAILY,universe_daily,NSE_EQ|INE00CA01015,1d,1,1 missing trading days (longest run 1): 2024-03-02
WARN,INTRADAY_DAILY_MISMATCH,stocks_intraday,NSE_EQ|INE002A01018,5m,2,"2/269 full days differ from daily bar: 2025-12-04, 2026-03-19"
WARN,INTRADAY_DAILY_MISMATCH,stocks_intraday,NSE_EQ|INE002A01018,15m,2,"2/269 full days differ from daily bar: 2025-12-04, 2026-03-19"
WARN,INTRADAY_DAILY_MISMATCH,stocks_intraday,NSE_EQ|INE002A01018,60m,2,"2/269 full days differ from daily bar: 2025-12-04, 2026-03-19"
WARN,INTRADAY_DAILY_MISMATCH,stocks_intraday,NSE_EQ|INE009A01021,5m,6,"6/269 full days differ from daily bar: 2025-09-29, 2026-01-14, 2026-02-01 (+3 more)"
WARN,INTRADAY_DAILY_MISMATCH,stocks_intraday,NSE_EQ|INE009A01021,15m,6,"6/269 full days differ from daily bar: 2025-09-29, 2026-01-14, 2026-02-01 (+3 more)"
WARN,INTRADAY_DAILY_MISMATCH,stocks_intraday,NSE_EQ|INE009A01021,60m,6,"6/269 full days differ from daily bar: 2025-09-29, 2026-01-14, 2026-02-01 (+3 more)"
WARN,INTRADAY_DAILY_MISMATCH,stocks_intraday,NSE_EQ|INE010B01027,5m,3,"3/269 full days differ from daily bar: 2026-03-18, 2026-03-30, 2026-04-27"
WARN,INTRADAY_DAILY_MISMATCH,stocks_intraday,NSE_EQ|INE010B01027,15m,3,"3/269 full days differ from daily bar: 2026-03-18, 2026-03-30, 2026-04-27"
WARN,INTRADAY_DAILY_MISMATCH,stocks_intraday,NSE_EQ|INE010B01027,60m,3,"3/269 full days differ from daily bar: 2026-03-18, 2026-03-30, 2026-04-27"
WARN,INTRADAY_DAILY_MISMATCH,stocks_intraday,NSE_EQ|INE016A01026,5m,7,"7/269 full days differ from daily bar: 2025-09-29, 2025-12-10, 2026-01-02 (+4 more)"
WARN,INTRADAY_DAILY_MISMATCH,stocks_intraday,NSE_EQ|INE016A01026,15m,7,"7/269 full days differ from daily bar: 2025-09-29, 2025-12-10, 2026-01-02 (+4 more)"
WARN,INTRADAY_DAILY_MISMATCH,stocks_intraday,NSE_EQ|INE016A01026,60m,7,"7/269 full days differ from daily bar: 2025-09-29, 2025-12-10, 2026-01-02 (+4 more)"
WARN,INTRADAY_DAILY_MISMATCH,stocks_intraday,NSE_EQ|INE018A01030,5m,1,1/269 full days differ from daily bar: 2026-05-05
WARN,INTRADAY_DAILY_MISMATCH,stocks_intraday,NSE_EQ|INE018A01030,15m,1,1/269 full days differ from daily bar: 2026-05-05
WARN,INTRADAY_DAILY_MISMATCH,stocks_intraday,NSE_EQ|INE018A01030,60m,1,1/269 full days differ from daily bar: 2026-05-05
WARN,INTRADAY_DAILY_MISMATCH,stocks_intraday,NSE_EQ|INE020B01018,5m,4,"4/269 full days differ from daily bar: 2025-10-29, 2026-01-27, 2026-03-19 (+1 more)"
WARN,INTRADAY_DAILY_MISMATCH,stocks_intraday,NSE_EQ|INE020B01018,15m,4,"4/269 full days differ from daily bar: 2025-10-29, 2026-01-27, 2026-03-19 (+1 more)"
WARN,INTRADAY_DAILY_MISMATCH,stocks_intraday,NSE_EQ|INE020B01018,60m,4,"4/269 full days differ from daily bar: 2025-10-29, 2026-01-27, 2026-03-19 (+1 more)"
WARN,INTRADAY_DAILY_MISMATCH,stocks_intraday,NSE_EQ|INE021A01026,5m,6,"6/269 full days differ from daily bar: 2025-09-19, 2025-11-12, 2026-01-19 (+3 more)"
WARN,INTRADAY_DAILY_MISMATCH,stocks_intraday,NSE_EQ|INE021A01026,15m,6,"6/269 full days differ from daily bar: 2025-09-19, 2025-11-12, 2026-01-19 (+3 more)"
WARN,INTRADAY_DAILY_MISMATCH,stocks_intraday,NSE_EQ|INE021A01026,60m,6,"6/269 full days differ from daily bar: 2025-09-19, 2025-11-12, 2026-01-19 (+3 more)"
WARN,INTRADAY_DAILY_MISMATCH,stocks_intraday,NSE_EQ|INE022Q01020,5m,8,"8/269 full days differ from daily bar: 2025-09-12, 2025-10-20, 2026-01-06 (+5 more)"
WARN,INTRADAY_DAILY_MISMATCH,stocks_intraday,NSE_EQ|INE022Q01020,15m,8,"8/269 full days differ from daily bar: 2025-09-12, 2025-10-20, 2026-01-06 (+5 more)"
WARN,INTRADAY_DAILY_MISMATCH,stocks_intraday,NSE_EQ|INE022Q01020,60m,8,"8/269 full days differ from daily bar: 2025-09-12, 2025-10-20, 2026-01-06 (+5 more)"
WARN,INTRADAY_DAILY_MISMATCH,stocks_intraday,NSE_EQ|INE028A01039,5m,3,"3/269 full days differ from daily bar: 2025-10-27, 2026-03-19, 2026-05-22"
WARN,INTRADAY_DAILY_MISMATCH,stocks_intraday,NSE_EQ|INE028A01039,15m,3,"3/269 full days differ from daily bar: 2025-10-27, 2026-03-19, 2026-05-22"
WARN,INTRADAY_DAILY_MISMATCH,stocks_intraday,NSE_EQ|INE028A01039,60m,3,"3/269 full days differ from daily bar: 2025-10-27, 2026-03-19, 2026-05-22"
WARN,INTRADAY_DAILY_MISMATCH,stocks_intraday,NSE_EQ|INE029A01011,5m,3,"3/269 full days differ from daily bar: 2025-11-24, 2026-02-09, 2026-07-22"
WARN,INTRADAY_DAILY_MISMATCH,stocks_intraday,NSE_EQ|INE029A01011,15m,3,"3/269 full days differ from daily bar: 2025-11-24, 2026-02-09, 2026-07-22"
WARN,INTRADAY_DAILY_MISMATCH,stocks_intraday,NSE_EQ|INE029A01011,60m,3,"3/269 full days differ from daily bar: 2025-11-24, 2026-02-09, 2026-07-22"
WARN,INTRADAY_DAILY_MISMATCH,stocks_intraday,NSE_EQ|INE030A01027,5m,5,"5/268 full days differ from daily bar: 2025-10-07, 2026-02-01, 2026-03-20 (+2 more)"
WARN,INTRADAY_DAILY_MISMATCH,stocks_intraday,NSE_EQ|INE030A01027,15m,5,"5/268 full days differ from daily bar: 2025-10-07, 2026-02-01, 2026-03-20 (+2 more)"
WARN,INTRADAY_DAILY_MISMATCH,stocks_intraday,NSE_EQ|INE030A01027,60m,5,"5/269 full days differ from daily bar: 2025-10-07, 2026-02-01, 2026-03-20 (+2 more)"
WARN,INTRADAY_DAILY_MISMATCH,stocks_intraday,NSE_EQ|INE038A01020,5m,5,"5/269 full days differ from daily bar: 2026-02-02, 2026-02-04, 2026-02-06 (+2 more)"
WARN,INTRADAY_DAILY_MISMATCH,stocks_intraday,NSE_EQ|INE038A01020,15m,5,"5/269 full days differ from daily bar: 2026-02-02, 2026-02-04, 2026-02-06 (+2 more)"
WARN,INTRADAY_DAILY_MISMATCH,stocks_intraday,NSE_EQ|INE038A01020,60m,5,"5/269 full days differ from daily bar: 2026-02-02, 2026-02-04, 2026-02-06 (+2 more)"
WARN,INTRADAY_DAILY_MISMATCH,index_intraday,NSE_INDEX|Nifty 50,5m,4,"4/1085 full days differ from daily bar: 2022-03-07, 2022-09-07, 2022-11-28 (+1 more)"
WARN,INTRADAY_DAILY_MISMATCH,index_intraday,NSE_INDEX|Nifty 50,15m,4,"4/1085 full days differ from daily bar: 2022-03-07, 2022-09-07, 2022-11-28 (+1 more)"
WARN,INTRADAY_DAILY_MISMATCH,index_intraday,NSE_INDEX|Nifty 50,60m,5,"5/1174 full days differ from daily bar: 2022-03-07, 2022-04-19, 2022-09-07 (+2 more)"
WARN,LEDGER_FAILED,universe_daily,NSE_EQ|INE0K9O01026,,1,fetch returned no candles; R2 left untouched
WARN,LEDGER_FAILED,universe_daily,NSE_EQ|INE685T01010,,1,fetch returned no candles; R2 left untouched
WARN,LEDGER_FAILED,indices_daily,NSE_INDEX|BHARATBOND-APR30,,1,fetch returned no candles; R2 left untouched
WARN,LEDGER_FAILED,indices_daily,NSE_INDEX|BHARATBOND-APR31,,1,fetch returned no candles; R2 left untouched
WARN,LEDGER_FAILED,indices_daily,NSE_INDEX|BHARATBOND-APR32,,1,fetch returned no candles; R2 left untouched
WARN,LEDGER_FAILED,indices_daily,NSE_INDEX|BHARATBOND-APR33,,1,fetch returned no candles; R2 left untouched
WARN,LEDGER_STALE,universe_daily,NSE_EQ|INE0LZF01013,,1,last_success_at 2026-08-24T14:46:22
WARN,LEDGER_STALE,universe_daily,NSE_EQ|INE0NLT01010,,1,last_success_at 2026-09-16T15:14:34
WARN,LEDGER_STALE,universe_daily,NSE_EQ|INE105I01020,,1,last_success_at 2026-09-14T13:18:16
WARN,LEDGER_STALE,universe_daily,NSE_EQ|INE24OJ01011,,1,last_success_at 2026-09-16T15:21:24
WARN,LEDGER_STALE,universe_daily,NSE_EQ|INE252A01019,,1,last_success_at 2026-09-14T13:20:06
WARN,LEDGER_STALE,universe_daily,NSE_EQ|INE524T01011,,1,last_success_at 2026-09-16T15:16:10
WARN,LEDGER_STALE,universe_daily,NSE_EQ|INE657B01025,,1,last_success_at 2026-09-14T13:10:26
WARN,LEDGER_STALE,universe_daily,NSE_EQ|INE670X01014,,1,last_success_at 2026-09-14T13:17:18
WARN,LEDGER_STALE,universe_daily,NSE_EQ|INE887D01016,,1,last_success_at 2026-08-24T14:47:17
WARN,LEDGER_STALE,universe_daily,NSE_EQ|INF740KA1RE3,,1,last_success_at 2026-08-24T14:31:16
WARN,LEDGER_STALE,universe_daily,NSE_EQ|INF740KA1SW3,,1,last_success_at 2026-08-24T14:32:31
WARN,OFF_SESSION_BAR,stocks_intraday,NSE_EQ|INE002A01018,60m,1,1 off-session/off-grid bars on 2025-10-21
WARN,OFF_SESSION_BAR,stocks_intraday,NSE_EQ|INE003A01024,60m,1,1 off-session/off-grid bars on 2025-10-21
WARN,OFF_SESSION_BAR,stocks_intraday,NSE_EQ|INE006I01046,60m,1,1 off-session/off-grid bars on 2025-10-21
WARN,OFF_SESSION_BAR,stocks_intraday,NSE_EQ|INE009A01021,60m,1,1 off-session/off-grid bars on 2025-10-21
WARN,OFF_SESSION_BAR,stocks_intraday,NSE_EQ|INE00H001014,60m,1,1 off-session/off-grid bars on 2025-10-21
WARN,OFF_SESSION_BAR,stocks_intraday,NSE_EQ|INE00R701025,60m,1,1 off-session/off-grid bars on 2025-10-21
WARN,OFF_SESSION_BAR,stocks_intraday,NSE_EQ|INE010B01027,60m,1,1 off-session/off-grid bars on 2025-10-21
WARN,OFF_SESSION_BAR,stocks_intraday,NSE_EQ|INE016A01026,60m,1,1 off-session/off-grid bars on 2025-10-21
WARN,OFF_SESSION_BAR,stocks_intraday,NSE_EQ|INE018A01030,60m,1,1 off-session/off-grid bars on 2025-10-21
WARN,OFF_SESSION_BAR,stocks_intraday,NSE_EQ|INE018E01016,60m,1,1 off-session/off-grid bars on 2025-10-21
WARN,OFF_SESSION_BAR,stocks_intraday,NSE_EQ|INE019A01038,60m,1,1 off-session/off-grid bars on 2025-10-21
WARN,OFF_SESSION_BAR,stocks_intraday,NSE_EQ|INE01EA01019,60m,1,1 off-session/off-grid bars on 2025-10-21
WARN,OFF_SESSION_BAR,stocks_intraday,NSE_EQ|INE020B01018,60m,1,1 off-session/off-grid bars on 2025-10-21
WARN,OFF_SESSION_BAR,stocks_intraday,NSE_EQ|INE021A01026,60m,1,1 off-session/off-grid bars on 2025-10-21
WARN,OFF_SESSION_BAR,stocks_intraday,NSE_EQ|INE022Q01020,60m,1,1 off-session/off-grid bars on 2025-10-21
WARN,OFF_SESSION_BAR,stocks_intraday,NSE_EQ|INE027H01010,60m,1,1 off-session/off-grid bars on 2025-10-21
WARN,OFF_SESSION_BAR,stocks_intraday,NSE_EQ|INE028A01039,60m,1,1 off-session/off-grid bars on 2025-10-21
WARN,OFF_SESSION_BAR,stocks_intraday,NSE_EQ|INE029A01011,60m,1,1 off-session/off-grid bars on 2025-10-21
WARN,OFF_SESSION_BAR,stocks_intraday,NSE_EQ|INE030A01027,60m,1,1 off-session/off-grid bars on 2025-10-21
WARN,OFF_SESSION_BAR,stocks_intraday,NSE_EQ|INE038A01020,60m,1,1 off-session/off-grid bars on 2025-10-21
WARN,OFF_SESSION_BAR,index_intraday,NSE_INDEX|Nifty 50,5m,214,"214 off-session/off-grid bars on 2022-03-24, 2022-03-25, 2022-03-28, 2022-03-29, 2022-03-30 (+87 more)"
WARN,OFF_SESSION_BAR,index_intraday,NSE_INDEX|Nifty 50,15m,106,"106 off-session/off-grid bars on 2022-03-24, 2022-03-25, 2022-03-28, 2022-03-29, 2022-03-30 (+87 more)"
WARN,OFF_SESSION_BAR,index_intraday,NSE_INDEX|Nifty 50,60m,4,"4 off-session/off-grid bars on 2022-10-24, 2023-11-12, 2024-11-01, 2025-10-21"
WARN,PARTIAL_DAYS,index_intraday,NSE_INDEX|Nifty 50,5m,95,"95 days not at 75 bars: 2022-03-24=77, 2022-03-25=77, 2022-03-28=77, 2022-03-29=77"
WARN,PARTIAL_DAYS,index_intraday,NSE_INDEX|Nifty 50,15m,95,"95 days not at 25 bars: 2022-03-24=26, 2022-03-25=26, 2022-03-28=26, 2022-03-29=26"
WARN,PARTIAL_DAYS,index_intraday,NSE_INDEX|Nifty 50,60m,6,"6 days not at 7 bars: 2022-10-24=1, 2023-11-12=1, 2024-03-02=3, 2024-05-18=3"
WARN,PRICE_JUMP,universe_daily,NSE_EQ|INE001B01026,1d,3,"3 daily moves >20%: 2004-11-02 +20.1%, 2006-05-23 +20.1%, 2007-12-27 +20.1%"
WARN,PRICE_JUMP,universe_daily,NSE_EQ|INE002A01018,1d,1,1 daily moves >20%: 2009-05-18 +21.4%
WARN,PRICE_JUMP,universe_daily,NSE_EQ|INE003A01024,1d,1,1 daily moves >20%: 2025-04-07 -42.9%
WARN,PRICE_JUMP,universe_daily,NSE_EQ|INE005I01014,1d,6,"6 daily moves >20%: 2007-05-15 +20.0%, 2007-10-04 +20.0%, 2007-12-05 +20.0%"
WARN,PRICE_JUMP,universe_daily,NSE_EQ|INE006Z01016,1d,1,1 daily moves >20%: 2019-03-26 +24.8%
WARN,PRICE_JUMP,universe_daily,NSE_EQ|INE007A01025,1d,1,1 daily moves >20%: 2005-02-15 +20.0%
WARN,PRICE_JUMP,universe_daily,NSE_EQ|INE007B01023,1d,2,"2 daily moves >20%: 2008-03-11 +20.1%, 2009-04-06 +20.0%"
WARN,PRICE_JUMP,universe_daily,NSE_EQ|INE008A01015,1d,3,"3 daily moves >20%: 2004-06-23 -23.3%, 2004-07-09 +20.1%, 2008-01-21 -20.5%"
WARN,PRICE_JUMP,universe_daily,NSE_EQ|INE009A01021,1d,2,"2 daily moves >20%: 2003-04-10 -26.6%, 2013-04-12 -21.3%"
WARN,PRICE_JUMP,indices_daily,NSE_INDEX|India VIX,1d,35,"35 daily moves >20%: 2011-08-05 +23.1%, 2011-08-09 +21.2%, 2011-08-29 -21.6%"
WARN,PRICE_JUMP,indices_daily,NSE_INDEX|NIFTY AlphaLowVol,1d,4,"4 daily moves >20%: 2015-11-09 -68.1%, 2015-11-10 +208.6%, 2015-11-16 -25.2%"
WARN,PRICE_JUMP,indices_daily,NSE_INDEX|NIFTY M150 QLTY50,1d,1,1 daily moves >20%: 2024-01-29 +22.6%
WARN,PRICE_JUMP,indices_daily,NSE_INDEX|NIFTY100 EQL Wgt,1d,6,"6 daily moves >20%: 2015-11-09 +102.7%, 2015-11-10 -51.5%, 2018-03-27 -93.1%"
WARN,PRICE_JUMP,indices_daily,NSE_INDEX|NIFTY100 LowVol30,1d,6,"6 daily moves >20%: 2015-11-09 +56.9%, 2015-11-10 -37.1%, 2015-11-16 -50.3%"
WARN,PRICE_JUMP,indices_daily,NSE_INDEX|NIFTY100 Qualty30,1d,4,"4 daily moves >20%: 2015-11-09 +471.6%, 2015-11-10 -82.9%, 2015-11-16 +56.3%"
WARN,PRICE_JUMP,indices_daily,NSE_INDEX|NIFTY200 QUALTY30,1d,2,"2 daily moves >20%: 2015-11-23 -55.2%, 2015-11-24 +97.2%"
WARN,PRICE_JUMP,indices_daily,NSE_INDEX|NIFTY50 EQL Wgt,1d,1,1 daily moves >20%: 2018-02-05 +20.6%
WARN,ROLLUP_MISMATCH,universe_daily,NSE_EQ|IN9175A01010,1w,1,1/775 periods differ from daily high/low: 2026-08-24/2026-08-30
WARN,ROLLUP_MISMATCH,universe_daily,NSE_EQ|INE001B01026,1w,1,1/1236 periods differ from daily high/low: 2026-08-24/2026-08-30
WARN,ROLLUP_MISMATCH,universe_daily,NSE_EQ|INE001E01012,1w,1,1/24 periods differ from daily high/low: 2026-08-24/2026-08-30
WARN,ROLLUP_MISMATCH,universe_daily,NSE_EQ|INE001E01012,1mo,1,1/6 periods differ from daily high/low: 2026-08
WARN,ROLLUP_MISMATCH,universe_daily,NSE_EQ|INE002A01018,1w,1,1/1396 periods differ from daily high/low: 2026-08-24/2026-08-30
WARN,ROLLUP_MISMATCH,universe_daily,NSE_EQ|INE002L01015,1w,1,1/855 periods differ from daily high/low: 2026-08-24/2026-08-30
WARN,ROLLUP_MISMATCH,universe_daily,NSE_EQ|INE002S01010,1w,1,1/536 periods differ from daily high/low: 2026-08-24/2026-08-30
WARN,ROLLUP_MISMATCH,universe_daily,NSE_EQ|INE003A01024,1w,1,1/1236 periods differ from daily high/low: 2026-08-24/2026-08-30
WARN,ROLLUP_MISMATCH,universe_daily,NSE_EQ|INE005B01027,1w,1,1/114 periods differ from daily high/low: 2026-08-24/2026-08-30
WARN,ROLLUP_MISMATCH,universe_daily,NSE_EQ|INE005C01017,1w,1,1/7 periods differ from daily high/low: 2026-08-24/2026-08-30
WARN,ROLLUP_MISMATCH,universe_daily,NSE_EQ|INE005I01014,1w,1,1/1020 periods differ from daily high/low: 2026-08-24/2026-08-30
WARN,ROLLUP_MISMATCH,universe_daily,NSE_EQ|INE006Z01016,1w,1,1/329 periods differ from daily high/low: 2026-08-24/2026-08-30
WARN,ROLLUP_MISMATCH,universe_daily,NSE_EQ|INE007B01023,1w,1,1/1110 periods differ from daily high/low: 2026-08-24/2026-08-30
WARN,ROLLUP_MISMATCH,universe_daily,NSE_EQ|INE008A01015,1w,1,1/1232 periods differ from daily high/low: 2026-08-24/2026-08-30
WARN,ROLLUP_MISMATCH,universe_daily,NSE_EQ|INE009C01019,1w,1,1/7 periods differ from daily high/low: 2026-08-24/2026-08-30
WARN,ROLLUP_MISMATCH,universe_daily,NSE_EQ|INE00CA01015,1w,1,1/404 periods differ from daily high/low: 2026-08-24/2026-08-30
WARN,ROLLUP_MISMATCH,indices_daily,NSE_INDEX|India VIX,1w,2,"2/915 periods differ from daily high/low: 2015-06-29/2015-07-05, 2026-08-24/2026-08-30"
WARN,ROLLUP_MISMATCH,indices_daily,NSE_INDEX|NIFTY AlphaLowVol,1w,2,"2/1123 periods differ from daily high/low: 2015-11-09/2015-11-15, 2015-11-16/2015-11-22"
WARN,ROLLUP_MISMATCH,indices_daily,NSE_INDEX|NIFTY HEALTHCARE,1w,1,1/1123 periods differ from daily high/low: 2026-08-24/2026-08-30
WARN,ROLLUP_MISMATCH,indices_daily,NSE_INDEX|NIFTY100 EQL Wgt,1w,2,"2/1240 periods differ from daily high/low: 2015-11-16/2015-11-22, 2018-03-26/2018-04-01"
WARN,ROLLUP_MISMATCH,indices_daily,NSE_INDEX|NIFTY100 EQL Wgt,1mo,1,1/285 periods differ from daily high/low: 2015-11
WARN,ROLLUP_MISMATCH,indices_daily,NSE_INDEX|NIFTY100 LowVol30,1w,35,"35/1123 periods differ from daily high/low: 2015-11-16/2015-11-22, 2018-04-09/2018-04-15, 2018-04-16/2018-04-22"
WARN,ROLLUP_MISMATCH,indices_daily,NSE_INDEX|NIFTY100 LowVol30,1mo,8,"8/258 periods differ from daily high/low: 2018-04, 2018-05, 2018-06"
WARN,ROLLUP_MISMATCH,indices_daily,NSE_INDEX|NIFTY100 Qualty30,1w,1,1/860 periods differ from daily high/low: 2015-11-16/2015-11-22
WARN,ROLLUP_MISMATCH,indices_daily,NSE_INDEX|NIFTY100 Qualty30,1mo,1,1/198 periods differ from daily high/low: 2015-11
WARN,ROLLUP_MISMATCH,indices_daily,NSE_INDEX|NIFTY200 QUALTY30,1w,2,"2/1123 periods differ from daily high/low: 2015-11-16/2015-11-22, 2015-11-23/2015-11-29"
WARN,SHORT_INTRADAY_DAYS,stocks_intraday,NSE_EQ|INE030A01027,5m,1,1/270 days short: 2025-12-05=66/75
WARN,SHORT_INTRADAY_DAYS,stocks_intraday,NSE_EQ|INE030A01027,15m,1,1/270 days short: 2025-12-05=22/25
WARN,TOO_FEW_ROWS,universe_daily,NSE_EQ|INE005C01017,1mo,3,only 3 rows
WARN,TOO_FEW_ROWS,universe_daily,NSE_EQ|INE009C01019,1mo,3,only 3 rows
WARN,ZERO_VOLUME_RUN,universe_daily,NSE_EQ|INE001B01026,1d,6,6 consecutive zero-volume bars ending 2003-04-15
WARN,ZERO_VOLUME_RUN,universe_daily,NSE_EQ|INE005I01014,1d,6,6 consecutive zero-volume bars ending 2013-12-26
INFO,DAILY_BARS_LT_200,universe_daily,NSE_EQ|INE001E01012,1d,117,117 daily bars
INFO,DAILY_BARS_LT_50,universe_daily,NSE_EQ|INE005C01017,1d,35,35 daily bars
INFO,DAILY_BARS_LT_50,universe_daily,NSE_EQ|INE009C01019,1d,34,34 daily bars
INFO,LEDGER_INACTIVE_INSTRUMENT,universe_daily,NSE_EQ|INF082J01408,,1,in ledger but not an active catalogue stock
INFO,LEDGER_INACTIVE_INSTRUMENT,universe_daily,NSE_EQ|INF082J01499,,1,in ledger but not an active catalogue stock
INFO,LEDGER_INACTIVE_INSTRUMENT,universe_daily,NSE_EQ|INF0QA701714,,1,in ledger but not an active catalogue stock
INFO,LEDGER_INACTIVE_INSTRUMENT,universe_daily,NSE_EQ|INF0QA701722,,1,in ledger but not an active catalogue stock
INFO,LEDGER_INACTIVE_INSTRUMENT,universe_daily,NSE_EQ|INF0QA701854,,1,in ledger but not an active catalogue stock
INFO,LEDGER_INACTIVE_INSTRUMENT,universe_daily,NSE_EQ|INF0QA701CI0,,1,in ledger but not an active catalogue stock
INFO,LEDGER_INACTIVE_INSTRUMENT,universe_daily,NSE_EQ|INF0R8F01034,,1,in ledger but not an active catalogue stock
INFO,LEDGER_INACTIVE_INSTRUMENT,universe_daily,NSE_EQ|INF0R8F01042,,1,in ledger but not an active catalogue stock
INFO,LEDGER_INACTIVE_INSTRUMENT,universe_daily,NSE_EQ|INF0R8F01059,,1,in ledger but not an active catalogue stock
INFO,LEDGER_INACTIVE_INSTRUMENT,universe_daily,NSE_EQ|INF0R8F01067,,1,in ledger but not an active catalogue stock
INFO,LEDGER_INACTIVE_INSTRUMENT,universe_daily,NSE_EQ|INF0R8F01091,,1,in ledger but not an active catalogue stock
INFO,LEDGER_INACTIVE_INSTRUMENT,universe_daily,NSE_EQ|INF0R8F01133,,1,in ledger but not an active catalogue stock
INFO,LEDGER_INACTIVE_INSTRUMENT,universe_daily,NSE_EQ|INF0R8F01141,,1,in ledger but not an active catalogue stock
INFO,LEDGER_INACTIVE_INSTRUMENT,universe_daily,NSE_EQ|INF0R8F01166,,1,in ledger but not an active catalogue stock
INFO,LEDGER_INACTIVE_INSTRUMENT,universe_daily,NSE_EQ|INF109K012R6,,1,in ledger but not an active catalogue stock
INFO,LEDGER_INACTIVE_INSTRUMENT,universe_daily,NSE_EQ|INF109K1A021,,1,in ledger but not an active catalogue stock
INFO,LEDGER_INACTIVE_INSTRUMENT,universe_daily,NSE_EQ|INF109K1A153,,1,in ledger but not an active catalogue stock
INFO,LEDGER_INACTIVE_INSTRUMENT,universe_daily,NSE_EQ|INF109K1A344,,1,in ledger but not an active catalogue stock
INFO,LEDGER_INACTIVE_INSTRUMENT,universe_daily,NSE_EQ|INF109K1A476,,1,in ledger but not an active catalogue stock
INFO,LEDGER_INACTIVE_INSTRUMENT,universe_daily,NSE_EQ|INF109K1A567,,1,in ledger but not an active catalogue stock
INFO,LEDGER_INACTIVE_INSTRUMENT,universe_daily,NSE_EQ|INF109KB15Y7,,1,in ledger but not an active catalogue stock
INFO,LEDGER_INACTIVE_INSTRUMENT,universe_daily,NSE_EQ|INF109KC10S8,,1,in ledger but not an active catalogue stock
INFO,LEDGER_INACTIVE_INSTRUMENT,universe_daily,NSE_EQ|INF109KC10V2,,1,in ledger but not an active catalogue stock
INFO,LEDGER_INACTIVE_INSTRUMENT,universe_daily,NSE_EQ|INF109KC10W0,,1,in ledger but not an active catalogue stock
INFO,LEDGER_INACTIVE_INSTRUMENT,universe_daily,NSE_EQ|INF109KC11V0,,1,in ledger but not an active catalogue stock
INFO,LEDGER_INACTIVE_INSTRUMENT,universe_daily,NSE_EQ|INF109KC11W8,,1,in ledger but not an active catalogue stock
INFO,LEDGER_INACTIVE_INSTRUMENT,universe_daily,NSE_EQ|INF109KC14A8,,1,in ledger but not an active catalogue stock
INFO,LEDGER_INACTIVE_INSTRUMENT,universe_daily,NSE_EQ|INF109KC15I8,,1,in ledger but not an active catalogue stock
INFO,LEDGER_INACTIVE_INSTRUMENT,universe_daily,NSE_EQ|INF109KC16E5,,1,in ledger but not an active catalogue stock
INFO,LEDGER_INACTIVE_INSTRUMENT,universe_daily,NSE_EQ|INF109KC16I6,,1,in ledger but not an active catalogue stock
INFO,LEDGER_INACTIVE_INSTRUMENT,universe_daily,NSE_EQ|INF109KC16V9,,1,in ledger but not an active catalogue stock
INFO,LEDGER_INACTIVE_INSTRUMENT,universe_daily,NSE_EQ|INF109KC16X5,,1,in ledger but not an active catalogue stock
INFO,LEDGER_INACTIVE_INSTRUMENT,universe_daily,NSE_EQ|INF109KC17C7,,1,in ledger but not an active catalogue stock
INFO,LEDGER_INACTIVE_INSTRUMENT,universe_daily,NSE_EQ|INF109KC17L8,,1,in ledger but not an active catalogue stock
INFO,LEDGER_INACTIVE_INSTRUMENT,universe_daily,NSE_EQ|INF109KC17V7,,1,in ledger but not an active catalogue stock
INFO,LEDGER_INACTIVE_INSTRUMENT,universe_daily,NSE_EQ|INF109KC18O0,,1,in ledger but not an active catalogue stock
INFO,LEDGER_INACTIVE_INSTRUMENT,universe_daily,NSE_EQ|INF109KC18U7,,1,in ledger but not an active catalogue stock
INFO,LEDGER_INACTIVE_INSTRUMENT,universe_daily,NSE_EQ|INF109KC18V5,,1,in ledger but not an active catalogue stock
INFO,LEDGER_INACTIVE_INSTRUMENT,universe_daily,NSE_EQ|INF109KC18W3,,1,in ledger but not an active catalogue stock
INFO,LEDGER_INACTIVE_INSTRUMENT,universe_daily,NSE_EQ|INF109KC19O8,,1,in ledger but not an active catalogue stock
INFO,LEDGER_INACTIVE_INSTRUMENT,universe_daily,NSE_EQ|INF109KC19U5,,1,in ledger but not an active catalogue stock
INFO,LEDGER_INACTIVE_INSTRUMENT,universe_daily,NSE_EQ|INF109KC19V3,,1,in ledger but not an active catalogue stock
INFO,LEDGER_INACTIVE_INSTRUMENT,universe_daily,NSE_EQ|INF109KC19W1,,1,in ledger but not an active catalogue stock
INFO,LEDGER_INACTIVE_INSTRUMENT,universe_daily,NSE_EQ|INF109KC1KT9,,1,in ledger but not an active catalogue stock
INFO,LEDGER_INACTIVE_INSTRUMENT,universe_daily,NSE_EQ|INF109KC1NS5,,1,in ledger but not an active catalogue stock
INFO,LEDGER_INACTIVE_INSTRUMENT,universe_daily,NSE_EQ|INF109KC1NT3,,1,in ledger but not an active catalogue stock
INFO,LEDGER_INACTIVE_INSTRUMENT,universe_daily,NSE_EQ|INF109KC1Q72,,1,in ledger but not an active catalogue stock
INFO,LEDGER_INACTIVE_INSTRUMENT,universe_daily,NSE_EQ|INF109KC1V42,,1,in ledger but not an active catalogue stock
INFO,LEDGER_INACTIVE_INSTRUMENT,universe_daily,NSE_EQ|INF109KC1V59,,1,in ledger but not an active catalogue stock
INFO,LEDGER_INACTIVE_INSTRUMENT,universe_daily,NSE_EQ|INF109KC1Y56,,1,in ledger but not an active catalogue stock
INFO,LEDGER_INACTIVE_INSTRUMENT,universe_daily,NSE_EQ|INF174K014P6,,1,in ledger but not an active catalogue stock
INFO,LEDGER_INACTIVE_INSTRUMENT,universe_daily,NSE_EQ|INF174KA1A86,,1,in ledger but not an active catalogue stock
INFO,LEDGER_INACTIVE_INSTRUMENT,universe_daily,NSE_EQ|INF174KA1A94,,1,in ledger but not an active catalogue stock
INFO,LEDGER_INACTIVE_INSTRUMENT,universe_daily,NSE_EQ|INF174KA1GC5,,1,in ledger but not an active catalogue stock
INFO,LEDGER_INACTIVE_INSTRUMENT,universe_daily,NSE_EQ|INF174KA1HJ8,,1,in ledger but not an active catalogue stock
INFO,LEDGER_INACTIVE_INSTRUMENT,universe_daily,NSE_EQ|INF174KA1IA5,,1,in ledger but not an active catalogue stock
INFO,LEDGER_INACTIVE_INSTRUMENT,universe_daily,NSE_EQ|INF174KA1IY5,,1,in ledger but not an active catalogue stock
INFO,LEDGER_INACTIVE_INSTRUMENT,universe_daily,NSE_EQ|INF174KA1JF2,,1,in ledger but not an active catalogue stock
INFO,LEDGER_INACTIVE_INSTRUMENT,universe_daily,NSE_EQ|INF174KA1LV5,,1,in ledger but not an active catalogue stock
INFO,LEDGER_INACTIVE_INSTRUMENT,universe_daily,NSE_EQ|INF174KA1UW4,,1,in ledger but not an active catalogue stock
INFO,LEDGER_INACTIVE_INSTRUMENT,universe_daily,NSE_EQ|INF174KA1VD2,,1,in ledger but not an active catalogue stock
INFO,LEDGER_INACTIVE_INSTRUMENT,universe_daily,NSE_EQ|INF174KA1VW2,,1,in ledger but not an active catalogue stock
INFO,LEDGER_INACTIVE_INSTRUMENT,universe_daily,NSE_EQ|INF174KA1WT6,,1,in ledger but not an active catalogue stock
INFO,LEDGER_INACTIVE_INSTRUMENT,universe_daily,NSE_EQ|INF174KA1XS6,,1,in ledger but not an active catalogue stock
INFO,LEDGER_INACTIVE_INSTRUMENT,universe_daily,NSE_EQ|INF174KA1XV0,,1,in ledger but not an active catalogue stock
INFO,LEDGER_INACTIVE_INSTRUMENT,universe_daily,NSE_EQ|INF174KA1YO3,,1,in ledger but not an active catalogue stock
INFO,LEDGER_INACTIVE_INSTRUMENT,universe_daily,NSE_EQ|INF174KA1ZB7,,1,in ledger but not an active catalogue stock
INFO,LEDGER_INACTIVE_INSTRUMENT,universe_daily,NSE_EQ|INF174KA1ZC5,,1,in ledger but not an active catalogue stock
INFO,LEDGER_INACTIVE_INSTRUMENT,universe_daily,NSE_EQ|INF174KA1ZD3,,1,in ledger but not an active catalogue stock
INFO,LEDGER_INACTIVE_INSTRUMENT,universe_daily,NSE_EQ|INF174KA1ZE1,,1,in ledger but not an active catalogue stock
INFO,LEDGER_INACTIVE_INSTRUMENT,universe_daily,NSE_EQ|INF174KA1ZF8,,1,in ledger but not an active catalogue stock
INFO,LEDGER_INACTIVE_INSTRUMENT,universe_daily,NSE_EQ|INF179KC1965,,1,in ledger but not an active catalogue stock
INFO,LEDGER_INACTIVE_INSTRUMENT,universe_daily,NSE_EQ|INF179KC1981,,1,in ledger but not an active catalogue stock
INFO,LEDGER_INACTIVE_INSTRUMENT,universe_daily,NSE_EQ|INF179KC1DI2,,1,in ledger but not an active catalogue stock
INFO,LEDGER_INACTIVE_INSTRUMENT,universe_daily,NSE_EQ|INF179KC1DJ0,,1,in ledger but not an active catalogue stock
INFO,LEDGER_INACTIVE_INSTRUMENT,universe_daily,NSE_EQ|INF179KC1DK8,,1,in ledger but not an active catalogue stock
INFO,LEDGER_INACTIVE_INSTRUMENT,universe_daily,NSE_EQ|INF179KC1DL6,,1,in ledger but not an active catalogue stock
INFO,LEDGER_INACTIVE_INSTRUMENT,universe_daily,NSE_EQ|INF179KC1EZ4,,1,in ledger but not an active catalogue stock
INFO,LEDGER_INACTIVE_INSTRUMENT,universe_daily,NSE_EQ|INF179KC1FB2,,1,in ledger but not an active catalogue stock
INFO,LEDGER_INACTIVE_INSTRUMENT,universe_daily,NSE_EQ|INF179KC1HR4,,1,in ledger but not an active catalogue stock
INFO,LEDGER_INACTIVE_INSTRUMENT,universe_daily,NSE_EQ|INF179KC1HS2,,1,in ledger but not an active catalogue stock
INFO,LEDGER_INACTIVE_INSTRUMENT,universe_daily,NSE_EQ|INF179KC1HT0,,1,in ledger but not an active catalogue stock
INFO,LEDGER_INACTIVE_INSTRUMENT,universe_daily,NSE_EQ|INF179KC1HU8,,1,in ledger but not an active catalogue stock
INFO,LEDGER_INACTIVE_INSTRUMENT,universe_daily,NSE_EQ|INF179KC1HV6,,1,in ledger but not an active catalogue stock
INFO,LEDGER_INACTIVE_INSTRUMENT,universe_daily,NSE_EQ|INF179KC1HW4,,1,in ledger but not an active catalogue stock
INFO,LEDGER_INACTIVE_INSTRUMENT,universe_daily,NSE_EQ|INF179KC1HX2,,1,in ledger but not an active catalogue stock
INFO,LEDGER_INACTIVE_INSTRUMENT,universe_daily,NSE_EQ|INF179KC1HY0,,1,in ledger but not an active catalogue stock
INFO,LEDGER_INACTIVE_INSTRUMENT,universe_daily,NSE_EQ|INF179KC1HZ7,,1,in ledger but not an active catalogue stock
INFO,LEDGER_INACTIVE_INSTRUMENT,universe_daily,NSE_EQ|INF179KC1IA8,,1,in ledger but not an active catalogue stock
INFO,LEDGER_INACTIVE_INSTRUMENT,universe_daily,NSE_EQ|INF179KC1JG3,,1,in ledger but not an active catalogue stock
INFO,LEDGER_INACTIVE_INSTRUMENT,universe_daily,NSE_EQ|INF179KC1KT4,,1,in ledger but not an active catalogue stock
INFO,LEDGER_INACTIVE_INSTRUMENT,universe_daily,NSE_EQ|INF194KA1U07,,1,in ledger but not an active catalogue stock
INFO,LEDGER_INACTIVE_INSTRUMENT,universe_daily,NSE_EQ|INF194KB1KI9,,1,in ledger but not an active catalogue stock
INFO,LEDGER_INACTIVE_INSTRUMENT,universe_daily,NSE_EQ|INF194KB1KJ7,,1,in ledger but not an active catalogue stock
INFO,LEDGER_INACTIVE_INSTRUMENT,universe_daily,NSE_EQ|INF1J2R01015,,1,in ledger but not an active catalogue stock
INFO,LEDGER_INACTIVE_INSTRUMENT,universe_daily,NSE_EQ|INF1J2R01056,,1,in ledger but not an active catalogue stock
INFO,LEDGER_INACTIVE_INSTRUMENT,universe_daily,NSE_EQ|INF1J2R01064,,1,in ledger but not an active catalogue stock
INFO,LEDGER_INACTIVE_INSTRUMENT,universe_daily,NSE_EQ|INF1J2R01114,,1,in ledger but not an active catalogue stock
INFO,LEDGER_INACTIVE_INSTRUMENT,universe_daily,NSE_EQ|INF1J2R01148,,1,in ledger but not an active catalogue stock
INFO,LEDGER_INACTIVE_INSTRUMENT,universe_daily,NSE_EQ|INF1J2R01171,,1,in ledger but not an active catalogue stock
INFO,LEDGER_INACTIVE_INSTRUMENT,universe_daily,NSE_EQ|INF200KA13Z8,,1,in ledger but not an active catalogue stock
INFO,LEDGER_INACTIVE_INSTRUMENT,universe_daily,NSE_EQ|INF200KA1580,,1,in ledger but not an active catalogue stock
INFO,LEDGER_INACTIVE_INSTRUMENT,universe_daily,NSE_EQ|INF200KA1598,,1,in ledger but not an active catalogue stock
INFO,LEDGER_INACTIVE_INSTRUMENT,universe_daily,NSE_EQ|INF200KA16D8,,1,in ledger but not an active catalogue stock
INFO,LEDGER_INACTIVE_INSTRUMENT,universe_daily,NSE_EQ|INF200KA1FS1,,1,in ledger but not an active catalogue stock
INFO,LEDGER_INACTIVE_INSTRUMENT,universe_daily,NSE_EQ|INF200KA1JT1,,1,in ledger but not an active catalogue stock
INFO,LEDGER_INACTIVE_INSTRUMENT,universe_daily,NSE_EQ|INF200KA1S14,,1,in ledger but not an active catalogue stock
INFO,LEDGER_INACTIVE_INSTRUMENT,universe_daily,NSE_EQ|INF200KA1S22,,1,in ledger but not an active catalogue stock
INFO,LEDGER_INACTIVE_INSTRUMENT,universe_daily,NSE_EQ|INF200KA1WX6,,1,in ledger but not an active catalogue stock
INFO,LEDGER_INACTIVE_INSTRUMENT,universe_daily,NSE_EQ|INF200KA1X17,,1,in ledger but not an active catalogue stock
INFO,LEDGER_INACTIVE_INSTRUMENT,universe_daily,NSE_EQ|INF200KB1217,,1,in ledger but not an active catalogue stock
INFO,LEDGER_INACTIVE_INSTRUMENT,universe_daily,NSE_EQ|INF200KB1282,,1,in ledger but not an active catalogue stock
INFO,LEDGER_INACTIVE_INSTRUMENT,universe_daily,NSE_EQ|INF200KB1712,,1,in ledger but not an active catalogue stock
INFO,LEDGER_INACTIVE_INSTRUMENT,universe_daily,NSE_EQ|INF200KB1969,,1,in ledger but not an active catalogue stock
INFO,LEDGER_INACTIVE_INSTRUMENT,universe_daily,NSE_EQ|INF200KB1AJ0,,1,in ledger but not an active catalogue stock
INFO,LEDGER_INACTIVE_INSTRUMENT,universe_daily,NSE_EQ|INF200KB1AK8,,1,in ledger but not an active catalogue stock
INFO,LEDGER_INACTIVE_INSTRUMENT,universe_daily,NSE_EQ|INF200KB1AX1,,1,in ledger but not an active catalogue stock
INFO,LEDGER_INACTIVE_INSTRUMENT,universe_daily,NSE_EQ|INF200KB1AY9,,1,in ledger but not an active catalogue stock
INFO,LEDGER_INACTIVE_INSTRUMENT,universe_daily,NSE_EQ|INF204K014N5,,1,in ledger but not an active catalogue stock
INFO,LEDGER_INACTIVE_INSTRUMENT,universe_daily,NSE_EQ|INF204KA1LD7,,1,in ledger but not an active catalogue stock
INFO,LEDGER_INACTIVE_INSTRUMENT,universe_daily,NSE_EQ|INF204KA1MS3,,1,in ledger but not an active catalogue stock
INFO,LEDGER_INACTIVE_INSTRUMENT,universe_daily,NSE_EQ|INF204KB14I2,,1,in ledger but not an active catalogue stock
INFO,LEDGER_INACTIVE_INSTRUMENT,universe_daily,NSE_EQ|INF204KB15I9,,1,in ledger but not an active catalogue stock
INFO,LEDGER_INACTIVE_INSTRUMENT,universe_daily,NSE_EQ|INF204KB15V2,,1,in ledger but not an active catalogue stock
INFO,LEDGER_INACTIVE_INSTRUMENT,universe_daily,NSE_EQ|INF204KB16I7,,1,in ledger but not an active catalogue stock
INFO,LEDGER_INACTIVE_INSTRUMENT,universe_daily,NSE_EQ|INF204KB17I5,,1,in ledger but not an active catalogue stock
INFO,LEDGER_INACTIVE_INSTRUMENT,universe_daily,NSE_EQ|INF204KB1882,,1,in ledger but not an active catalogue stock
INFO,LEDGER_INACTIVE_INSTRUMENT,universe_daily,NSE_EQ|INF204KB18I3,,1,in ledger but not an active catalogue stock
INFO,LEDGER_INACTIVE_INSTRUMENT,universe_daily,NSE_EQ|INF204KB19I1,,1,in ledger but not an active catalogue stock
INFO,LEDGER_INACTIVE_INSTRUMENT,universe_daily,NSE_EQ|INF204KB1V68,,1,in ledger but not an active catalogue stock
INFO,LEDGER_INACTIVE_INSTRUMENT,universe_daily,NSE_EQ|INF204KC1030,,1,in ledger but not an active catalogue stock
INFO,LEDGER_INACTIVE_INSTRUMENT,universe_daily,NSE_EQ|INF204KC1089,,1,in ledger but not an active catalogue stock
INFO,LEDGER_INACTIVE_INSTRUMENT,universe_daily,NSE_EQ|INF204KC1337,,1,in ledger but not an active catalogue stock
INFO,LEDGER_INACTIVE_INSTRUMENT,universe_daily,NSE_EQ|INF204KC1402,,1,in ledger but not an active catalogue stock
INFO,LEDGER_INACTIVE_INSTRUMENT,universe_daily,NSE_EQ|INF204KC1EZ3,,1,in ledger but not an active catalogue stock
INFO,LEDGER_INACTIVE_INSTRUMENT,universe_daily,NSE_EQ|INF204KC1FU1,,1,in ledger but not an active catalogue stock
INFO,LEDGER_INACTIVE_INSTRUMENT,universe_daily,NSE_EQ|INF204KC1GH6,,1,in ledger but not an active catalogue stock
INFO,LEDGER_INACTIVE_INSTRUMENT,universe_daily,NSE_EQ|INF205KA1BP1,,1,in ledger but not an active catalogue stock
INFO,LEDGER_INACTIVE_INSTRUMENT,universe_daily,NSE_EQ|INF205KA1CA1,,1,in ledger but not an active catalogue stock
INFO,LEDGER_INACTIVE_INSTRUMENT,universe_daily,NSE_EQ|INF205KA1CB9,,1,in ledger but not an active catalogue stock
INFO,LEDGER_INACTIVE_INSTRUMENT,universe_daily,NSE_EQ|INF205KA1CC7,,1,in ledger but not an active catalogue stock
INFO,LEDGER_INACTIVE_INSTRUMENT,universe_daily,NSE_EQ|INF209KB10C2,,1,in ledger but not an active catalogue stock
INFO,LEDGER_INACTIVE_INSTRUMENT,universe_daily,NSE_EQ|INF209KB10E8,,1,in ledger but not an active catalogue stock
INFO,LEDGER_INACTIVE_INSTRUMENT,universe_daily,NSE_EQ|INF209KB11D8,,1,in ledger but not an active catalogue stock
INFO,LEDGER_INACTIVE_INSTRUMENT,universe_daily,NSE_EQ|INF209KB14K7,,1,in ledger but not an active catalogue stock
INFO,LEDGER_INACTIVE_INSTRUMENT,universe_daily,NSE_EQ|INF209KB15K4,,1,in ledger but not an active catalogue stock
INFO,LEDGER_INACTIVE_INSTRUMENT,universe_daily,NSE_EQ|INF209KB16D7,,1,in ledger but not an active catalogue stock
INFO,LEDGER_INACTIVE_INSTRUMENT,universe_daily,NSE_EQ|INF209KB17D5,,1,in ledger but not an active catalogue stock
INFO,LEDGER_INACTIVE_INSTRUMENT,universe_daily,NSE_EQ|INF209KB18D3,,1,in ledger but not an active catalogue stock
INFO,LEDGER_INACTIVE_INSTRUMENT,universe_daily,NSE_EQ|INF209KB18T9,,1,in ledger but not an active catalogue stock
INFO,LEDGER_INACTIVE_INSTRUMENT,universe_daily,NSE_EQ|INF209KB19D1,,1,in ledger but not an active catalogue stock
INFO,LEDGER_INACTIVE_INSTRUMENT,universe_daily,NSE_EQ|INF209KB19F6,,1,in ledger but not an active catalogue stock
INFO,LEDGER_INACTIVE_INSTRUMENT,universe_daily,NSE_EQ|INF209KB19Z4,,1,in ledger but not an active catalogue stock
INFO,LEDGER_INACTIVE_INSTRUMENT,universe_daily,NSE_EQ|INF209KC1134,,1,in ledger but not an active catalogue stock
INFO,LEDGER_INACTIVE_INSTRUMENT,universe_daily,NSE_EQ|INF209KC1142,,1,in ledger but not an active catalogue stock
INFO,LEDGER_INACTIVE_INSTRUMENT,universe_daily,NSE_EQ|INF209KC1662,,1,in ledger but not an active catalogue stock
INFO,LEDGER_INACTIVE_INSTRUMENT,universe_daily,NSE_EQ|INF209KC1670,,1,in ledger but not an active catalogue stock
INFO,LEDGER_INACTIVE_INSTRUMENT,universe_daily,NSE_EQ|INF22M001184,,1,in ledger but not an active catalogue stock
INFO,LEDGER_INACTIVE_INSTRUMENT,universe_daily,NSE_EQ|INF247L01023,,1,in ledger but not an active catalogue stock
INFO,LEDGER_INACTIVE_INSTRUMENT,universe_daily,NSE_EQ|INF247L01536,,1,in ledger but not an active catalogue stock
INFO,LEDGER_INACTIVE_INSTRUMENT,universe_daily,NSE_EQ|INF247L01AK4,,1,in ledger but not an active catalogue stock
INFO,LEDGER_INACTIVE_INSTRUMENT,universe_daily,NSE_EQ|INF247L01AP3,,1,in ledger but not an active catalogue stock
INFO,LEDGER_INACTIVE_INSTRUMENT,universe_daily,NSE_EQ|INF247L01AU3,,1,in ledger but not an active catalogue stock
INFO,LEDGER_INACTIVE_INSTRUMENT,universe_daily,NSE_EQ|INF247L01BB1,,1,in ledger but not an active catalogue stock
INFO,LEDGER_INACTIVE_INSTRUMENT,universe_daily,NSE_EQ|INF247L01BE5,,1,in ledger but not an active catalogue stock
INFO,LEDGER_INACTIVE_INSTRUMENT,universe_daily,NSE_EQ|INF247L01BH8,,1,in ledger but not an active catalogue stock
INFO,LEDGER_INACTIVE_INSTRUMENT,universe_daily,NSE_EQ|INF247L01BK2,,1,in ledger but not an active catalogue stock
INFO,LEDGER_INACTIVE_INSTRUMENT,universe_daily,NSE_EQ|INF247L01BL0,,1,in ledger but not an active catalogue stock
INFO,LEDGER_INACTIVE_INSTRUMENT,universe_daily,NSE_EQ|INF247L01BU1,,1,in ledger but not an active catalogue stock
INFO,LEDGER_INACTIVE_INSTRUMENT,universe_daily,NSE_EQ|INF247L01CH6,,1,in ledger but not an active catalogue stock
INFO,LEDGER_INACTIVE_INSTRUMENT,universe_daily,NSE_EQ|INF247L01CI4,,1,in ledger but not an active catalogue stock
INFO,LEDGER_INACTIVE_INSTRUMENT,universe_daily,NSE_EQ|INF247L01DJ0,,1,in ledger but not an active catalogue stock
INFO,LEDGER_INACTIVE_INSTRUMENT,universe_daily,NSE_EQ|INF247L01DK8,,1,in ledger but not an active catalogue stock
INFO,LEDGER_INACTIVE_INSTRUMENT,universe_daily,NSE_EQ|INF247L01EV3,,1,in ledger but not an active catalogue stock
INFO,LEDGER_INACTIVE_INSTRUMENT,universe_daily,NSE_EQ|INF247L01FC0,,1,in ledger but not an active catalogue stock
INFO,LEDGER_INACTIVE_INSTRUMENT,universe_daily,NSE_EQ|INF247L01FD8,,1,in ledger but not an active catalogue stock
INFO,LEDGER_INACTIVE_INSTRUMENT,universe_daily,NSE_EQ|INF247L01FK3,,1,in ledger but not an active catalogue stock
INFO,LEDGER_INACTIVE_INSTRUMENT,universe_daily,NSE_EQ|INF247L01FL1,,1,in ledger but not an active catalogue stock
INFO,LEDGER_INACTIVE_INSTRUMENT,universe_daily,NSE_EQ|INF247L01FO5,,1,in ledger but not an active catalogue stock
INFO,LEDGER_INACTIVE_INSTRUMENT,universe_daily,NSE_EQ|INF247L01FP2,,1,in ledger but not an active catalogue stock
INFO,LEDGER_INACTIVE_INSTRUMENT,universe_daily,NSE_EQ|INF247L01FQ0,,1,in ledger but not an active catalogue stock
INFO,LEDGER_INACTIVE_INSTRUMENT,universe_daily,NSE_EQ|INF247L01FR8,,1,in ledger but not an active catalogue stock
INFO,LEDGER_INACTIVE_INSTRUMENT,universe_daily,NSE_EQ|INF247L01FY4,,1,in ledger but not an active catalogue stock
INFO,LEDGER_INACTIVE_INSTRUMENT,universe_daily,NSE_EQ|INF247L01FZ1,,1,in ledger but not an active catalogue stock
INFO,LEDGER_INACTIVE_INSTRUMENT,universe_daily,NSE_EQ|INF247L01GG9,,1,in ledger but not an active catalogue stock
INFO,LEDGER_INACTIVE_INSTRUMENT,universe_daily,NSE_EQ|INF247L01GH7,,1,in ledger but not an active catalogue stock
INFO,LEDGER_INACTIVE_INSTRUMENT,universe_daily,NSE_EQ|INF247L01GI5,,1,in ledger but not an active catalogue stock
INFO,LEDGER_INACTIVE_INSTRUMENT,universe_daily,NSE_EQ|INF247L01GJ3,,1,in ledger but not an active catalogue stock
INFO,LEDGER_INACTIVE_INSTRUMENT,universe_daily,NSE_EQ|INF247L01GK1,,1,in ledger but not an active catalogue stock
INFO,LEDGER_INACTIVE_INSTRUMENT,universe_daily,NSE_EQ|INF247L01GV8,,1,in ledger but not an active catalogue stock
INFO,LEDGER_INACTIVE_INSTRUMENT,universe_daily,NSE_EQ|INF247L01HG7,,1,in ledger but not an active catalogue stock
INFO,LEDGER_INACTIVE_INSTRUMENT,universe_daily,NSE_EQ|INF247L01HH5,,1,in ledger but not an active catalogue stock
INFO,LEDGER_INACTIVE_INSTRUMENT,universe_daily,NSE_EQ|INF251K01SU9,,1,in ledger but not an active catalogue stock
INFO,LEDGER_INACTIVE_INSTRUMENT,universe_daily,NSE_EQ|INF251K01TL6,,1,in ledger but not an active catalogue stock
INFO,LEDGER_INACTIVE_INSTRUMENT,universe_daily,NSE_EQ|INF277K010X4,,1,in ledger but not an active catalogue stock
INFO,LEDGER_INACTIVE_INSTRUMENT,universe_daily,NSE_EQ|INF277K015R5,,1,in ledger but not an active catalogue stock
INFO,LEDGER_INACTIVE_INSTRUMENT,universe_daily,NSE_EQ|INF277KA1364,,1,in ledger but not an active catalogue stock
INFO,LEDGER_INACTIVE_INSTRUMENT,universe_daily,NSE_EQ|INF277KA1976,,1,in ledger but not an active catalogue stock
INFO,LEDGER_INACTIVE_INSTRUMENT,universe_daily,NSE_EQ|INF277KA1984,,1,in ledger but not an active catalogue stock
INFO,LEDGER_INACTIVE_INSTRUMENT,universe_daily,NSE_EQ|INF2F0001370,,1,in ledger but not an active catalogue stock
INFO,LEDGER_INACTIVE_INSTRUMENT,universe_daily,NSE_EQ|INF2KCX01012,,1,in ledger but not an active catalogue stock
INFO,LEDGER_INACTIVE_INSTRUMENT,universe_daily,NSE_EQ|INF336L01RX2,,1,in ledger but not an active catalogue stock
INFO,LEDGER_INACTIVE_INSTRUMENT,universe_daily,NSE_EQ|INF346A01034,,1,in ledger but not an active catalogue stock
INFO,LEDGER_INACTIVE_INSTRUMENT,universe_daily,NSE_EQ|INF457M01133,,1,in ledger but not an active catalogue stock
INFO,LEDGER_INACTIVE_INSTRUMENT,universe_daily,NSE_EQ|INF579M01BB5,,1,in ledger but not an active catalogue stock
INFO,LEDGER_INACTIVE_INSTRUMENT,universe_daily,NSE_EQ|INF579M01BC3,,1,in ledger but not an active catalogue stock
INFO,LEDGER_INACTIVE_INSTRUMENT,universe_daily,NSE_EQ|INF579M01BP5,,1,in ledger but not an active catalogue stock
INFO,LEDGER_INACTIVE_INSTRUMENT,universe_daily,NSE_EQ|INF582M01KS4,,1,in ledger but not an active catalogue stock
INFO,LEDGER_INACTIVE_INSTRUMENT,universe_daily,NSE_EQ|INF666M01IH2,,1,in ledger but not an active catalogue stock
INFO,LEDGER_INACTIVE_INSTRUMENT,universe_daily,NSE_EQ|INF666M01IO8,,1,in ledger but not an active catalogue stock
INFO,LEDGER_INACTIVE_INSTRUMENT,universe_daily,NSE_EQ|INF666M01IP5,,1,in ledger but not an active catalogue stock
INFO,LEDGER_INACTIVE_INSTRUMENT,universe_daily,NSE_EQ|INF666M01JJ6,,1,in ledger but not an active catalogue stock
INFO,LEDGER_INACTIVE_INSTRUMENT,universe_daily,NSE_EQ|INF666M01JV1,,1,in ledger but not an active catalogue stock
INFO,LEDGER_INACTIVE_INSTRUMENT,universe_daily,NSE_EQ|INF666M01KJ4,,1,in ledger but not an active catalogue stock
INFO,LEDGER_INACTIVE_INSTRUMENT,universe_daily,NSE_EQ|INF666M01LB9,,1,in ledger but not an active catalogue stock
INFO,LEDGER_INACTIVE_INSTRUMENT,universe_daily,NSE_EQ|INF666M01LI4,,1,in ledger but not an active catalogue stock
INFO,LEDGER_INACTIVE_INSTRUMENT,universe_daily,NSE_EQ|INF666M01LL8,,1,in ledger but not an active catalogue stock
INFO,LEDGER_INACTIVE_INSTRUMENT,universe_daily,NSE_EQ|INF666M01LM6,,1,in ledger but not an active catalogue stock
INFO,LEDGER_INACTIVE_INSTRUMENT,universe_daily,NSE_EQ|INF666M01LZ8,,1,in ledger but not an active catalogue stock
INFO,LEDGER_INACTIVE_INSTRUMENT,universe_daily,NSE_EQ|INF666M01MM4,,1,in ledger but not an active catalogue stock
INFO,LEDGER_INACTIVE_INSTRUMENT,universe_daily,NSE_EQ|INF666M01MN2,,1,in ledger but not an active catalogue stock
INFO,LEDGER_INACTIVE_INSTRUMENT,universe_daily,NSE_EQ|INF666M01MO0,,1,in ledger but not an active catalogue stock
INFO,LEDGER_INACTIVE_INSTRUMENT,universe_daily,NSE_EQ|INF666M01MV5,,1,in ledger but not an active catalogue stock
INFO,LEDGER_INACTIVE_INSTRUMENT,universe_daily,NSE_EQ|INF666M01NI0,,1,in ledger but not an active catalogue stock
INFO,LEDGER_INACTIVE_INSTRUMENT,universe_daily,NSE_EQ|INF666M01NP5,,1,in ledger but not an active catalogue stock
INFO,LEDGER_INACTIVE_INSTRUMENT,universe_daily,NSE_EQ|INF666M01NQ3,,1,in ledger but not an active catalogue stock
INFO,LEDGER_INACTIVE_INSTRUMENT,universe_daily,NSE_EQ|INF666M01OD9,,1,in ledger but not an active catalogue stock
INFO,LEDGER_INACTIVE_INSTRUMENT,universe_daily,NSE_EQ|INF666M01OE7,,1,in ledger but not an active catalogue stock
INFO,LEDGER_INACTIVE_INSTRUMENT,universe_daily,NSE_EQ|INF666M01OF4,,1,in ledger but not an active catalogue stock
INFO,LEDGER_INACTIVE_INSTRUMENT,universe_daily,NSE_EQ|INF666M01OG2,,1,in ledger but not an active catalogue stock
INFO,LEDGER_INACTIVE_INSTRUMENT,universe_daily,NSE_EQ|INF666M01OT5,,1,in ledger but not an active catalogue stock
INFO,LEDGER_INACTIVE_INSTRUMENT,universe_daily,NSE_EQ|INF666M01PG9,,1,in ledger but not an active catalogue stock
INFO,LEDGER_INACTIVE_INSTRUMENT,universe_daily,NSE_EQ|INF666M01PH7,,1,in ledger but not an active catalogue stock
INFO,LEDGER_INACTIVE_INSTRUMENT,universe_daily,NSE_EQ|INF680P01422,,1,in ledger but not an active catalogue stock
INFO,LEDGER_INACTIVE_INSTRUMENT,universe_daily,NSE_EQ|INF732E01037,,1,in ledger but not an active catalogue stock
INFO,LEDGER_INACTIVE_INSTRUMENT,universe_daily,NSE_EQ|INF732E01045,,1,in ledger but not an active catalogue stock
INFO,LEDGER_INACTIVE_INSTRUMENT,universe_daily,NSE_EQ|INF732E01128,,1,in ledger but not an active catalogue stock
INFO,LEDGER_INACTIVE_INSTRUMENT,universe_daily,NSE_EQ|INF732E01268,,1,in ledger but not an active catalogue stock
INFO,LEDGER_INACTIVE_INSTRUMENT,universe_daily,NSE_EQ|INF740KA1CL0,,1,in ledger but not an active catalogue stock
INFO,LEDGER_INACTIVE_INSTRUMENT,universe_daily,NSE_EQ|INF740KA1EU7,,1,in ledger but not an active catalogue stock
INFO,LEDGER_INACTIVE_INSTRUMENT,universe_daily,NSE_EQ|INF740KA1QK2,,1,in ledger but not an active catalogue stock
INFO,LEDGER_INACTIVE_INSTRUMENT,universe_daily,NSE_EQ|INF740KA1RE3,,1,in ledger but not an active catalogue stock
INFO,LEDGER_INACTIVE_INSTRUMENT,universe_daily,NSE_EQ|INF740KA1RX3,,1,in ledger but not an active catalogue stock
INFO,LEDGER_INACTIVE_INSTRUMENT,universe_daily,NSE_EQ|INF740KA1SW3,,1,in ledger but not an active catalogue stock
INFO,LEDGER_INACTIVE_INSTRUMENT,universe_daily,NSE_EQ|INF740KA1SX1,,1,in ledger but not an active catalogue stock
INFO,LEDGER_INACTIVE_INSTRUMENT,universe_daily,NSE_EQ|INF740KA1SY9,,1,in ledger but not an active catalogue stock
INFO,LEDGER_INACTIVE_INSTRUMENT,universe_daily,NSE_EQ|INF740KA1SZ6,,1,in ledger but not an active catalogue stock
INFO,LEDGER_INACTIVE_INSTRUMENT,universe_daily,NSE_EQ|INF740KA1TA7,,1,in ledger but not an active catalogue stock
INFO,LEDGER_INACTIVE_INSTRUMENT,universe_daily,NSE_EQ|INF740KA1UM0,,1,in ledger but not an active catalogue stock
INFO,LEDGER_INACTIVE_INSTRUMENT,universe_daily,NSE_EQ|INF740KA1UR9,,1,in ledger but not an active catalogue stock
INFO,LEDGER_INACTIVE_INSTRUMENT,universe_daily,NSE_EQ|INF740KA1VE5,,1,in ledger but not an active catalogue stock
INFO,LEDGER_INACTIVE_INSTRUMENT,universe_daily,NSE_EQ|INF740KA1WU9,,1,in ledger but not an active catalogue stock
INFO,LEDGER_INACTIVE_INSTRUMENT,universe_daily,NSE_EQ|INF740KA1WV7,,1,in ledger but not an active catalogue stock
INFO,LEDGER_INACTIVE_INSTRUMENT,universe_daily,NSE_EQ|INF740KA1WW5,,1,in ledger but not an active catalogue stock
INFO,LEDGER_INACTIVE_INSTRUMENT,universe_daily,NSE_EQ|INF740KA1WX3,,1,in ledger but not an active catalogue stock
INFO,LEDGER_INACTIVE_INSTRUMENT,universe_daily,NSE_EQ|INF740KA1XU7,,1,in ledger but not an active catalogue stock
INFO,LEDGER_INACTIVE_INSTRUMENT,universe_daily,NSE_EQ|INF740KA1YH2,,1,in ledger but not an active catalogue stock
INFO,LEDGER_INACTIVE_INSTRUMENT,universe_daily,NSE_EQ|INF740KA1ZA4,,1,in ledger but not an active catalogue stock
INFO,LEDGER_INACTIVE_INSTRUMENT,universe_daily,NSE_EQ|INF740KA1ZF3,,1,in ledger but not an active catalogue stock
INFO,LEDGER_INACTIVE_INSTRUMENT,universe_daily,NSE_EQ|INF740KA1ZG1,,1,in ledger but not an active catalogue stock
INFO,LEDGER_INACTIVE_INSTRUMENT,universe_daily,NSE_EQ|INF740KA1ZH9,,1,in ledger but not an active catalogue stock
INFO,LEDGER_INACTIVE_INSTRUMENT,universe_daily,NSE_EQ|INF740KA1ZI7,,1,in ledger but not an active catalogue stock
INFO,LEDGER_INACTIVE_INSTRUMENT,universe_daily,NSE_EQ|INF754K01KO2,,1,in ledger but not an active catalogue stock
INFO,LEDGER_INACTIVE_INSTRUMENT,universe_daily,NSE_EQ|INF754K01LE1,,1,in ledger but not an active catalogue stock
INFO,LEDGER_INACTIVE_INSTRUMENT,universe_daily,NSE_EQ|INF754K01OB1,,1,in ledger but not an active catalogue stock
INFO,LEDGER_INACTIVE_INSTRUMENT,universe_daily,NSE_EQ|INF754K01QX0,,1,in ledger but not an active catalogue stock
INFO,LEDGER_INACTIVE_INSTRUMENT,universe_daily,NSE_EQ|INF754K01SE6,,1,in ledger but not an active catalogue stock
INFO,LEDGER_INACTIVE_INSTRUMENT,universe_daily,NSE_EQ|INF754K01SF3,,1,in ledger but not an active catalogue stock
INFO,LEDGER_INACTIVE_INSTRUMENT,universe_daily,NSE_EQ|INF754K01TE4,,1,in ledger but not an active catalogue stock
INFO,LEDGER_INACTIVE_INSTRUMENT,universe_daily,NSE_EQ|INF754K01TF1,,1,in ledger but not an active catalogue stock
INFO,LEDGER_INACTIVE_INSTRUMENT,universe_daily,NSE_EQ|INF754K01TX4,,1,in ledger but not an active catalogue stock
INFO,LEDGER_INACTIVE_INSTRUMENT,universe_daily,NSE_EQ|INF754K01VV4,,1,in ledger but not an active catalogue stock
INFO,LEDGER_INACTIVE_INSTRUMENT,universe_daily,NSE_EQ|INF754K01VW2,,1,in ledger but not an active catalogue stock
INFO,LEDGER_INACTIVE_INSTRUMENT,universe_daily,NSE_EQ|INF754K01VX0,,1,in ledger but not an active catalogue stock
INFO,LEDGER_INACTIVE_INSTRUMENT,universe_daily,NSE_EQ|INF754K01VY8,,1,in ledger but not an active catalogue stock
INFO,LEDGER_INACTIVE_INSTRUMENT,universe_daily,NSE_EQ|INF754K01XF3,,1,in ledger but not an active catalogue stock
INFO,LEDGER_INACTIVE_INSTRUMENT,universe_daily,NSE_EQ|INF754K01XG1,,1,in ledger but not an active catalogue stock
INFO,LEDGER_INACTIVE_INSTRUMENT,universe_daily,NSE_EQ|INF754K01XH9,,1,in ledger but not an active catalogue stock
INFO,LEDGER_INACTIVE_INSTRUMENT,universe_daily,NSE_EQ|INF754K01XI7,,1,in ledger but not an active catalogue stock
INFO,LEDGER_INACTIVE_INSTRUMENT,universe_daily,NSE_EQ|INF767K01MV5,,1,in ledger but not an active catalogue stock
INFO,LEDGER_INACTIVE_INSTRUMENT,universe_daily,NSE_EQ|INF767K01OS7,,1,in ledger but not an active catalogue stock
INFO,LEDGER_INACTIVE_INSTRUMENT,universe_daily,NSE_EQ|INF767K01OT5,,1,in ledger but not an active catalogue stock
INFO,LEDGER_INACTIVE_INSTRUMENT,universe_daily,NSE_EQ|INF767K01PC8,,1,in ledger but not an active catalogue stock
INFO,LEDGER_INACTIVE_INSTRUMENT,universe_daily,NSE_EQ|INF767K01RN1,,1,in ledger but not an active catalogue stock
INFO,LEDGER_INACTIVE_INSTRUMENT,universe_daily,NSE_EQ|INF767K01SM1,,1,in ledger but not an active catalogue stock
INFO,LEDGER_INACTIVE_INSTRUMENT,universe_daily,NSE_EQ|INF769K01EG9,,1,in ledger but not an active catalogue stock
INFO,LEDGER_INACTIVE_INSTRUMENT,universe_daily,NSE_EQ|INF769K01FN2,,1,in ledger but not an active catalogue stock
INFO,LEDGER_INACTIVE_INSTRUMENT,universe_daily,NSE_EQ|INF769K01GS9,,1,in ledger but not an active catalogue stock
INFO,LEDGER_INACTIVE_INSTRUMENT,universe_daily,NSE_EQ|INF769K01HF4,,1,in ledger but not an active catalogue stock
INFO,LEDGER_INACTIVE_INSTRUMENT,universe_daily,NSE_EQ|INF769K01HI8,,1,in ledger but not an active catalogue stock
INFO,LEDGER_INACTIVE_INSTRUMENT,universe_daily,NSE_EQ|INF769K01HP3,,1,in ledger but not an active catalogue stock
INFO,LEDGER_INACTIVE_INSTRUMENT,universe_daily,NSE_EQ|INF769K01HS7,,1,in ledger but not an active catalogue stock
INFO,LEDGER_INACTIVE_INSTRUMENT,universe_daily,NSE_EQ|INF769K01IB1,,1,in ledger but not an active catalogue stock
INFO,LEDGER_INACTIVE_INSTRUMENT,universe_daily,NSE_EQ|INF769K01IC9,,1,in ledger but not an active catalogue stock
INFO,LEDGER_INACTIVE_INSTRUMENT,universe_daily,NSE_EQ|INF769K01JP9,,1,in ledger but not an active catalogue stock
INFO,LEDGER_INACTIVE_INSTRUMENT,universe_daily,NSE_EQ|INF769K01JU9,,1,in ledger but not an active catalogue stock
INFO,LEDGER_INACTIVE_INSTRUMENT,universe_daily,NSE_EQ|INF769K01KF8,,1,in ledger but not an active catalogue stock
INFO,LEDGER_INACTIVE_INSTRUMENT,universe_daily,NSE_EQ|INF769K01KG6,,1,in ledger but not an active catalogue stock
INFO,LEDGER_INACTIVE_INSTRUMENT,universe_daily,NSE_EQ|INF769K01KR3,,1,in ledger but not an active catalogue stock
INFO,LEDGER_INACTIVE_INSTRUMENT,universe_daily,NSE_EQ|INF769K01KS1,,1,in ledger but not an active catalogue stock
INFO,LEDGER_INACTIVE_INSTRUMENT,universe_daily,NSE_EQ|INF769K01KT9,,1,in ledger but not an active catalogue stock
INFO,LEDGER_INACTIVE_INSTRUMENT,universe_daily,NSE_EQ|INF769K01KU7,,1,in ledger but not an active catalogue stock
INFO,LEDGER_INACTIVE_INSTRUMENT,universe_daily,NSE_EQ|INF769K01KV5,,1,in ledger but not an active catalogue stock
INFO,LEDGER_INACTIVE_INSTRUMENT,universe_daily,NSE_EQ|INF769K01LC3,,1,in ledger but not an active catalogue stock
INFO,LEDGER_INACTIVE_INSTRUMENT,universe_daily,NSE_EQ|INF769K01LJ8,,1,in ledger but not an active catalogue stock
INFO,LEDGER_INACTIVE_INSTRUMENT,universe_daily,NSE_EQ|INF769K01LQ3,,1,in ledger but not an active catalogue stock
INFO,LEDGER_INACTIVE_INSTRUMENT,universe_daily,NSE_EQ|INF769K01LX9,,1,in ledger but not an active catalogue stock
INFO,LEDGER_INACTIVE_INSTRUMENT,universe_daily,NSE_EQ|INF769K01LY7,,1,in ledger but not an active catalogue stock
INFO,LEDGER_INACTIVE_INSTRUMENT,universe_daily,NSE_EQ|INF769K01LZ4,,1,in ledger but not an active catalogue stock
INFO,LEDGER_INACTIVE_INSTRUMENT,universe_daily,NSE_EQ|INF769K01MY5,,1,in ledger but not an active catalogue stock
INFO,LEDGER_INACTIVE_INSTRUMENT,universe_daily,NSE_EQ|INF769K01NS5,,1,in ledger but not an active catalogue stock
INFO,LEDGER_INACTIVE_INSTRUMENT,universe_daily,NSE_EQ|INF769K01OA1,,1,in ledger but not an active catalogue stock
INFO,LEDGER_INACTIVE_INSTRUMENT,universe_daily,NSE_EQ|INF769K01ON4,,1,in ledger but not an active catalogue stock
INFO,LEDGER_INACTIVE_INSTRUMENT,universe_daily,NSE_EQ|INF769K01OO2,,1,in ledger but not an active catalogue stock
INFO,LEDGER_INACTIVE_INSTRUMENT,universe_daily,NSE_EQ|INF769K01PB6,,1,in ledger but not an active catalogue stock
INFO,LEDGER_INACTIVE_INSTRUMENT,universe_daily,NSE_EQ|INF769K01PQ4,,1,in ledger but not an active catalogue stock
INFO,LEDGER_INACTIVE_INSTRUMENT,universe_daily,NSE_EQ|INF769K01PR2,,1,in ledger but not an active catalogue stock
INFO,LEDGER_INACTIVE_INSTRUMENT,universe_daily,NSE_EQ|INF769K01PY8,,1,in ledger but not an active catalogue stock
INFO,LEDGER_INACTIVE_INSTRUMENT,universe_daily,NSE_EQ|INF769K01PZ5,,1,in ledger but not an active catalogue stock
INFO,LEDGER_INACTIVE_INSTRUMENT,universe_daily,NSE_EQ|INF769K01QA6,,1,in ledger but not an active catalogue stock
INFO,LEDGER_INACTIVE_INSTRUMENT,universe_daily,NSE_EQ|INF769K01QB4,,1,in ledger but not an active catalogue stock
INFO,LEDGER_INACTIVE_INSTRUMENT,universe_daily,NSE_EQ|INF769K01QC2,,1,in ledger but not an active catalogue stock
INFO,LEDGER_INACTIVE_INSTRUMENT,universe_daily,NSE_EQ|INF769K01QV2,,1,in ledger but not an active catalogue stock
INFO,LEDGER_INACTIVE_INSTRUMENT,universe_daily,NSE_EQ|INF769K01RC0,,1,in ledger but not an active catalogue stock
INFO,LEDGER_INACTIVE_INSTRUMENT,universe_daily,NSE_EQ|INF769K01RJ5,,1,in ledger but not an active catalogue stock
INFO,LEDGER_INACTIVE_INSTRUMENT,universe_daily,NSE_EQ|INF769K01RK3,,1,in ledger but not an active catalogue stock
INFO,LEDGER_INACTIVE_INSTRUMENT,universe_daily,NSE_EQ|INF789F1AG68,,1,in ledger but not an active catalogue stock
INFO,LEDGER_INACTIVE_INSTRUMENT,universe_daily,NSE_EQ|INF789F1AUU3,,1,in ledger but not an active catalogue stock
INFO,LEDGER_INACTIVE_INSTRUMENT,universe_daily,NSE_EQ|INF789F1AUV1,,1,in ledger but not an active catalogue stock
INFO,LEDGER_INACTIVE_INSTRUMENT,universe_daily,NSE_EQ|INF789F1AUW9,,1,in ledger but not an active catalogue stock
INFO,LEDGER_INACTIVE_INSTRUMENT,universe_daily,NSE_EQ|INF789F1AUX7,,1,in ledger but not an active catalogue stock
INFO,LEDGER_INACTIVE_INSTRUMENT,universe_daily,NSE_EQ|INF789F1AYK6,,1,in ledger but not an active catalogue stock
INFO,LEDGER_INACTIVE_INSTRUMENT,universe_daily,NSE_EQ|INF789F1AYX9,,1,in ledger but not an active catalogue stock
INFO,LEDGER_INACTIVE_INSTRUMENT,universe_daily,NSE_EQ|INF789F1AZC0,,1,in ledger but not an active catalogue stock
INFO,LEDGER_INACTIVE_INSTRUMENT,universe_daily,NSE_EQ|INF789F1AZD8,,1,in ledger but not an active catalogue stock
INFO,LEDGER_INACTIVE_INSTRUMENT,universe_daily,NSE_EQ|INF789F1AZE6,,1,in ledger but not an active catalogue stock
INFO,LEDGER_INACTIVE_INSTRUMENT,universe_daily,NSE_EQ|INF789F1AZF3,,1,in ledger but not an active catalogue stock
INFO,LEDGER_INACTIVE_INSTRUMENT,universe_daily,NSE_EQ|INF789FB1X58,,1,in ledger but not an active catalogue stock
INFO,LEDGER_INACTIVE_INSTRUMENT,universe_daily,NSE_EQ|INF846K010Q0,,1,in ledger but not an active catalogue stock
INFO,LEDGER_INACTIVE_INSTRUMENT,universe_daily,NSE_EQ|INF846K011K1,,1,in ledger but not an active catalogue stock
INFO,LEDGER_INACTIVE_INSTRUMENT,universe_daily,NSE_EQ|INF846K016C7,,1,in ledger but not an active catalogue stock
INFO,LEDGER_INACTIVE_INSTRUMENT,universe_daily,NSE_EQ|INF846K01W80,,1,in ledger but not an active catalogue stock
INFO,LEDGER_INACTIVE_INSTRUMENT,universe_daily,NSE_EQ|INF846K01W98,,1,in ledger but not an active catalogue stock
INFO,LEDGER_INACTIVE_INSTRUMENT,universe_daily,NSE_EQ|INF846K01X63,,1,in ledger but not an active catalogue stock
INFO,LEDGER_INACTIVE_INSTRUMENT,universe_daily,NSE_EQ|INF846K01Y96,,1,in ledger but not an active catalogue stock
INFO,LEDGER_INACTIVE_INSTRUMENT,universe_daily,NSE_EQ|INF846K01Z12,,1,in ledger but not an active catalogue stock
INFO,LEDGER_INACTIVE_INSTRUMENT,universe_daily,NSE_EQ|INF846KA1119,,1,in ledger but not an active catalogue stock
INFO,LEDGER_INACTIVE_INSTRUMENT,indices_daily,NSE_INDEX|BHARATBOND-APR30,,1,in ledger but not an active catalogue index
INFO,LEDGER_INACTIVE_INSTRUMENT,indices_daily,NSE_INDEX|BHARATBOND-APR31,,1,in ledger but not an active catalogue index
INFO,LEDGER_INACTIVE_INSTRUMENT,indices_daily,NSE_INDEX|BHARATBOND-APR32,,1,in ledger but not an active catalogue index
INFO,LEDGER_INACTIVE_INSTRUMENT,indices_daily,NSE_INDEX|BHARATBOND-APR33,,1,in ledger but not an active catalogue index
